{
  "an6.9:0.1": "Восходящие Наставления 6.9",
  "an6.9:0.2": "Глава Ахунеййя ",
  "an6.9:0.3": "Сутта Темы для памятования ",
  "an6.9:1.1": "“Монахи, есть эти шесть тем для памятования. ",
  "an6.9:1.2": "Какие шесть? ",
  "an6.9:1.3": "Памятование о Будде, памятование о Дхамме, памятование о Сангхе, памятование о нравственности, памятование о щедрости, памятование о божествах. ",
  "an6.9:1.4": "Таковы шесть тем для памятования”.",
  "an6.9:1.5": "Девятая."
}