{
  "an6.108:0.1": "Восходящие Наставления 6.108",
  "an6.108:0.2": "Глава Тика ",
  "an6.108:0.3": "Сутта Неблагое поведение ",
  "an6.108:1.1": "“Монахи, есть эти три вещи. ",
  "an6.108:1.2": "Какие три? ",
  "an6.108:1.3": "Телесное неблагое поведение, словесное неблагое поведение, умственное неблагое поведение. ",
  "an6.108:1.4": "Таковы три вещи. ",
  "an6.108:1.5": "Три [иные] вещи следует развить ради отбрасывания этих трёх вещей. ",
  "an6.108:1.6": "Какие три? ",
  "an6.108:1.7": "Телесное благое поведение следует развить для отбрасывания телесного неблагого поведения. Словесное благое поведение следует развить для отбрасывания словесного неблагого поведения. Умственное благое поведение следует развить для отбрасывания умственного неблагого поведения. ",
  "an6.108:1.8": "Эти три вещи следует развить ради отбрасывания первых трёх вещей”.",
  "an6.108:1.9": "Вторая."
}