{
  "an6.71:0.1": "Восходящие Наставления 6.71",
  "an6.71:0.2": "Глава Девата ",
  "an6.71:0.3": "Сутта Способен реализовать ",
  "an6.71:1.1": "“Монахи, обладая шестью качествами, монах не способен реализовать некое состояние, [пусть даже и] есть для этого подходящее основание. ",
  "an6.71:1.2": "Какими шестью? ",
  "an6.71:1.3": "Вот монах не понимает в соответствии с действительностью: “Эти качества связаны с ухудшением” и “Эти качества связаны с устойчивостью” и “Эти качества связаны с отличием” и “Эти качества связаны с проникновением”. Он практикует не тщательно и не знает, что является уместным. ",
  "an6.71:1.4": "Обладая этими шестью качествами, монах не способен реализовать некое состояние, [пусть даже и] есть для этого подходящее основание. ",
  "an6.71:2.1": "Монахи, обладая шестью качествами, монах способен реализовать некое состояние, [если] для этого есть подходящее основание. ",
  "an6.71:2.2": "Какими шестью? ",
  "an6.71:2.3": "Вот монах понимает в соответствии с действительностью: “Эти качества связаны с ухудшением” и “Эти качества связаны с устойчивостью” и “Эти качества связаны с отличием” и “Эти качества связаны с проникновением”. Он практикует тщательно и знает, что является уместным. ",
  "an6.71:2.4": "Обладая этими шестью качествами, монах способен реализовать некое состояние, [если] для этого есть подходящее основание”.",
  "an6.71:2.5": "Седьмая."
}