{
  "an6.83:0.1": "Восходящие Наставления 6.83",
  "an6.83:0.2": "Глава Аранатство ",
  "an6.83:0.3": "Сутта Высочайшее состояние ",
  "an6.83:1.1": "“Монахи, обладая шестью качествами, монах не способен реализовать арахантство, высочайшее состояние. ",
  "an6.83:1.2": "Какими шестью? ",
  "an6.83:1.3": "Вот монах не имеет веры, бесстыден, не боится совершить проступок, ленив, немудр, беспокоится об этом теле и жизни. ",
  "an6.83:1.4": "Обладая этими шестью качествами, монах не способен реализовать арахантство, высочайшее состояние. ",
  "an6.83:2.1": "Монахи, обладая шестью качествами, монах способен реализовать арахантство, высочайшее состояние. ",
  "an6.83:2.2": "Какими шестью? ",
  "an6.83:2.3": "Вот монах наделён верой, имеет чувство стыда, боится совершить проступок, усерден, мудр, не беспокоится об этом теле и жизни. ",
  "an6.83:2.4": "Обладая этими шестью качествами, монах способен реализовать арахантство, высочайшее состояние”.",
  "an6.83:2.5": "Девятая."
}