{
  "an6.85:0.1": "Восходящие Наставления 6.85",
  "an6.85:0.2": "Глава Сити ",
  "an6.85:0.3": "Сутта Прохлада ",
  "an6.85:1.1": "“Монахи, обладая шестью качествами, монах не способен реализовать непревзойдённую прохладу. ",
  "an6.85:1.2": "Какими шестью? ",
  "an6.85:1.3": "Вот монах не пресекает свой ум в том случае, когда его нужно пресечь. Он не напрягает свой ум, когда его нужно напрячь. Он не воодушевляет свой ум, когда его следует воодушевить. Он не смотрит на ум с невозмутимостью, когда на него следует смотреть с невозмутимостью. У него низкие предрасположенности, и он радуется личностному существованию. ",
  "an6.85:1.4": "Обладая этими шестью качествами, монах не способен реализовать непревзойдённую прохладу. ",
  "an6.85:2.1": "Монахи, обладая шестью качествами, монах способен реализовать непревзойдённую прохладу. ",
  "an6.85:2.2": "Какими шестью? ",
  "an6.85:2.3": "Вот монах пресекает свой ум в том случае, когда его нужно пресечь. Он напрягает свой ум, когда его нужно напрячь. Он воодушевляет свой ум, когда его следует воодушевить. Он смотрит на ум с невозмутимостью, когда на него следует смотреть с невозмутимостью. У него высшие предрасположенности, и он радуется ниббане. ",
  "an6.85:2.4": "Обладая этими шестью качествами, монах способен реализовать непревзойдённую прохладу”.",
  "an6.85:2.5": "Первая."
}