{
  "an6.118:0.1": "Восходящие Наставления 6.118",
  "an6.118:0.2": "Глава Саманнья ",
  "an6.118:0.3": "Сутта Созерцая тело внутренне ",
  "an6.118:1.1": "“Монахи, не отбросив шесть вещей, человек не способен созерцать тело в теле внутренне… ",
  "an6.118:1.2": "тело в теле внешне… ",
  "an6.118:1.3": "тело в теле внутренне и внешне… ",
  "an6.118:1.4": "созерцать чувства в чувствах внутренне… ",
  "an6.118:1.5": "созерцать чувства в чувствах внешне… ",
  "an6.118:1.6": "созерцать чувства в чувствах внутренне и внешне… ",
  "an6.118:1.7": "созерцать ум в уме внутренне… ",
  "an6.118:1.8": "созерцать ум в уме внешне… ",
  "an6.118:1.9": "созерцать ум в уме внутренне и внешне… ",
  "an6.118:1.10": "созерцать феномены в феноменах внутренне… ",
  "an6.118:1.11": "созерцать феномены в феноменах внешне… ",
  "an6.118:1.12": "созерцать феномены в феноменах внутренне и внешне. ",
  "an6.118:1.13": "Каких шести?  ",
  "an6.118:1.14": "Наслаждение работой, наслаждение разговорами, наслаждение сном, наслаждение компанией, отсутствие охраны дверей органов чувств, неумеренность в еде. ",
  "an6.118:1.15": "Отбросив эти шесть вещей, человек способен созерцать феномены в феноменах внутренне и внешне.",
  "an6.118:1.16": "Вторая."
}