{
 "an6.63:0.1": "Восходящие Наставления 6.63",
 "an6.63:0.2": "Глава Маха",
 "an6.63:0.3": "Сутта Проникающее",
 "an6.63:1.1": "“Монахи, я научу вас проникающему изложению Дхаммы.",
 "an6.63:1.2": "Слушайте внимательно. Я буду говорить”.",
 "an6.63:1.3": "“Да, почтенный” – отвечали те монахи.",
 "an6.63:1.4": "Благословенный сказал:",
 "an6.63:2.1": "“И каково, монахи, проникающее изложение Дхаммы?",
 "an6.63:2.2": "Желания следует понять. Источник и происхождение желаний следует понять. Разнообразие желаний следует понять. Результат желаний следует понять. Прекращение желаний следует понять. Путь, ведущий к прекращению желаний, следует понять.",
 "an6.63:3.1": "Чувства следует понять. Источник и происхождение чувств следует понять. Разнообразие чувств следует понять. Результат чувств следует понять. Прекращение чувств следует понять. Путь, ведущий к прекращению чувств, следует понять.",
 "an6.63:4.1": "Восприятия следует понять. Источник и происхождение восприятий следует понять. Разнообразие восприятий следует понять. Результат восприятий следует понять. Прекращение восприятий следует понять. Путь, ведущий к прекращению восприятий, следует понять.",
 "an6.63:5.1": "Пятна [загрязнений ума] следует понять. Источник и происхождение пятен следует понять. Разнообразие пятен следует понять. Результат пятен следует понять. Прекращение пятен следует понять. Путь, ведущий к прекращению пятен, следует понять.",
 "an6.63:6.1": "Деятельность следует понять. Источник и происхождение деятельности следует понять. Разнообразие деятельности следует понять. Результат деятельности следует понять. Прекращение деятельности следует понять. Путь, ведущий к прекращению деятельности, следует понять.",
 "an6.63:7.1": "Боль следует понять. Источник и происхождение боли следует понять. Разнообразие боли следует понять. Результат боли следует понять. Прекращение боли следует понять. Путь, ведущий к прекращению боли, следует понять.",
 "an6.63:8.1": "Когда было сказано: “Желания следует понять… Путь, ведущий к прекращению желаний, следует понять” –",
 "an6.63:8.2": "то в отношении чего так было сказано?",
 "an6.63:8.3": "Монахи, есть пять множителей желаний:",
 "an6.63:8.4": "Формы, воспринимаемые глазом – милые, приятные, чарующие, привлекательные, воспаляющие желание, соблазнительные.",
 "an6.63:8.5": "Звуки, воспринимаемые ухом…",
 "an6.63:8.6": "Запахи, воспринимаемые носом…",
 "an6.63:8.7": "Вкусы, воспринимаемые языком…",
 "an6.63:8.8": "Тактильные ощущения, воспринимаемые телом – милые, приятные, чарующие, привлекательные, воспаляющие желание, соблазнительные.",
 "an6.63:8.9": "Однако, это не является желаниями. В очищении Благородного это называется “множителями желаний”.",
 "an6.63:8.10": "Заготовко-страсть — желание человека.",
 "an6.63:8.11": "“Это не желания – мирские миловидные вещицы:",
 "an6.63:8.12": "Заготовко-страсть — желание человека.",
 "an6.63:8.13": "А миловидные вещицы лишь просто остаются в мире,",
 "an6.63:8.14": "Но мудрый устраняет всякое желание к ним”.",
 "an6.63:9.1": "И каков, монахи, источник и происхождение желаний?",
 "an6.63:10.2": "Контакт является их источником и происхождением.",
 "an6.63:11.1": "И каково разнообразие желаний?",
 "an6.63:11.2": "Желание к формам – это одно, желание к звукам – это другое, желание к запахам – ещё другое, желание ко вкусам – ещё другое, желание к тактильным ощущениям – ещё другое.",
 "an6.63:11.3": "Это называется разнообразием желаний.",
 "an6.63:12.1": "И каков результат желаний?",
 "an6.63:12.2": "Тот кто, монахи, желающий порождает личностное существование, которое может быть последствием заслуг или проступков. Таков результат желаний.",
 "an6.63:13.1": "И каково прекращение желаний?",
 "an6.63:13.2": "С прекращением контакта имеет место прекращение желаний.",
 "an6.63:13.3": "Этот самый Благородный Восьмеричный Путь является путём, ведущим к прекращению желаний, то есть:",
 "an6.63:13.4": "Правильный взгляд, правильное намерение-заготовка, правильная речь, правильные действия, правильные быт, правильное старание, правильное памятование, правильное объединение опыта.",
 "an6.63:14.1": "Когда, монахи, ученик Благородных так понимает чувственные удовольствия, источник и происхождение желаний, результат желаний, прекращение желаний, и путь, ведущий к прекращению желаний, [то тогда] он понимает, что эта проникающая святая жизнь является прекращением желаний5.",
 "an6.63:14.2": "Когда так было сказано: “Желания следует понять… Путь, ведущий к прекращению желаний, следует понять” –",
 "an6.63:14.3": "то в отношении этого так было сказано.",
 "an6.63:15.1": "Когда было сказано: “Чувства следует понять… Путь, ведущий к прекращению чувств, следует понять” –",
 "an6.63:15.2": "то в отношении чего так было сказано?",
 "an6.63:15.3": "Монахи, есть эти три чувства:",
 "an6.63:15.4": "приятное чувство, болезненное чувство, ни-болезненное-ни-приятное чувство.",
 "an6.63:16.1": "И каков источник и происхождение чувств?",
 "an6.63:16.2": "Контакт является их источником и происхождением.",
 "an6.63:17.1": "И каково разнообразие чувств?",
 "an6.63:17.2": "Есть плотское приятное чувство, есть духовное приятное чувство. Есть плотское болезненное чувство, есть духовное болезненное чувство. Есть плотское ни-болезненное-ни-приятное чувство, есть духовное ни-болезненное-ни-приятное чувство.",
 "an6.63:17.3": "Это называется разнообразием чувств.",
 "an6.63:18.1": "И каков результат чувств?",
 "an6.63:18.2": "Тот кто, монахи, чувствующий порождает личностное существование, которое может быть последствием заслуг или проступков.",
 "an6.63:18.3": "Таков результат чувств.",
 "an6.63:19.1": "И каково прекращение чувств?",
 "an6.63:19.2": "С прекращением контакта имеет место прекращение чувств.",
 "an6.63:19.3": "Этот самый Благородный Восьмеричный Путь является путём, ведущим к прекращению чувств, то есть,",
 "an6.63:19.4": "правильный взгляд… правильное объединение опыта.",
 "an6.63:20.1": "Когда, монахи, ученик Благородных так понимает чувства, источник и происхождение чувств, результат чувств, прекращение чувств, и путь, ведущий к прекращению чувств, [то тогда] он понимает, что эта проникающая святая жизнь является прекращением чувств.",
 "an6.63:20.2": "Когда так было сказано: “Чувства следует понять… Путь, ведущий к прекращению чувств, следует понять” –",
 "an6.63:20.3": "то в отношении этого так было сказано.",
 "an6.63:21.1": "Когда так было сказано: “Восприятия следует понять… Путь, ведущий к прекращению восприятий, следует понять” –",
 "an6.63:21.2": "то в отношении чего так было сказано?",
 "an6.63:21.3": "Монахи, есть эти шесть восприятий:",
 "an6.63:21.4": "восприятие форм, восприятие звуков, восприятие запахов, восприятие вкусов, восприятие тактильных ощущений, восприятие ментальных феноменов.",
 "an6.63:22.1": "И каков источник и происхождение восприятий?",
 "an6.63:22.2": "Контакт является их источником и происхождением.",
 "an6.63:23.1": "И каково разнообразие восприятий?",
 "an6.63:23.2": "Восприятие форм – это одно, восприятие звуков – другое, восприятие запахов – ещё другое, восприятие вкусов – ещё другое, восприятие тактильных ощущений – ещё другое, восприятие ментальных феноменов – ещё другое.",
 "an6.63:23.3": "Это называется разнообразием восприятий.",
 "an6.63:24.1": "И каков результат восприятий?",
 "an6.63:24.2": "Я говорю вам, что результат восприятий заключается в выражении7.",
 "an6.63:24.3": "То, каким образом воспринимает что-либо, именно таким образом выражает, [говоря]: “Я воспринимал то-то и то-то”.",
 "an6.63:24.4": "Это называется результатом восприятия.",
 "an6.63:25.1": "И каково прекращение восприятий?",
 "an6.63:25.2": "С прекращением контакта имеет место прекращение восприятий.",
 "an6.63:25.3": "Этот самый Благородный Восьмеричный Путь является путём, ведущим к прекращению восприятий, то есть,",
 "an6.63:25.4": "правильный взгляд… правильное объединение опыта.",
 "an6.63:26.1": "Когда, монахи, ученик Благородных так понимает восприятия, источник и происхождение восприятий, результат восприятий, прекращение восприятий, и путь, ведущий к прекращению восприятий, [то тогда] он понимает, что эта проникающая святая жизнь является прекращением восприятий.",
 "an6.63:26.2": "Когда так было сказано: “Восприятия следует понять… Путь, ведущий к прекращению восприятий, следует понять” –",
 "an6.63:26.3": "то в отношении этого так было сказано.",
 "an6.63:27.1": "Когда так было сказано: “Пятна [умственных загрязнений] следует понять… Путь, ведущий к прекращению пятен, следует понять” –",
 "an6.63:27.2": "то в отношении чего так было сказано?",
 "an6.63:27.3": "Монахи, есть эти три пятна:",
 "an6.63:27.4": "пятно чувственности, пятно существования, пятно неразличения.",
 "an6.63:28.1": "И каков источник и происхождение пятен?",
 "an6.63:28.2": "Неразличение является их источником и происхождением.",
 "an6.63:29.1": "И каково разнообразие пятен?",
 "an6.63:29.2": "Есть пятна, ведущие в ад. Есть пятна, ведущие в мир животных. Есть пятна, ведущие в мир духов. Есть пятна, ведущие в мир людей. Есть пятна, ведущие в мир дэвов.",
 "an6.63:29.3": "Это называется разнообразием загрязнений.",
 "an6.63:30.1": "И каков результат пятен?",
 "an6.63:30.2": "Тот кто, монахи, неразличающий, порождает соответствующее личностное существование, которое может быть последствием либо заслуг, либо проступков. Таков результат пятен.",
 "an6.63:31.1": "И каково прекращение пятен?",
 "an6.63:31.2": "С прекращением неразличения имеет место прекращение пятен.",
 "an6.63:31.3": "Этот самый Благородный Восьмеричный Путь является путём, ведущим к прекращению пятен, то есть,",
 "an6.63:31.4": "правильный взгляд… правильное объединение опыта.",
 "an6.63:32.1": "Когда, монахи, ученик Благородных так понимает пятна, источник и происхождение пятен, результат пятен, прекращение пятен, и путь, ведущий к прекращению пятен, [то тогда] он понимает, что эта проникающая святая жизнь является прекращением пятен.",
 "an6.63:32.2": "Когда так было сказано: “Пятна следует понять… Путь, ведущий к прекращению пятен, следует понять” –",
 "an6.63:32.3": "то в отношении этого так было сказано.",
 "an6.63:33.1": "Когда так было сказано: “Деятельность следует понять… Путь, ведущий к прекращению деятельности, следует понять” –",
 "an6.63:33.2": "то в отношении чего так было сказано?",
 "an6.63:33.3": "Замысел, монахи, я называю деятельностью.",
 "an6.63:33.4": "Осмыслив дейсятельность производит",
 "an6.63:33.5": "телом, речью или умом.",
 "an6.63:34.1": "И каков источник и происхождение деятельности?",
 "an6.63:34.2": "Контакт является её источником и происхождением.",
 "an6.63:35.1": "И каково разнообразие деятельности?",
 "an6.63:35.2": "Есть деятельность, переживаемая в аду. Есть деятельность, переживаемая в мире животных. Есть деятельность, переживаемая в мире духов. Есть деятельность, переживаемая в мире людей. Есть деятельность, переживаемая в мире дэвов.",
 "an6.63:35.3": "Это называется разнообразием деятельности.",
 "an6.63:36.1": "И каков результат деятельности?",
 "an6.63:36.2": "Результат деятельности, я говорю вам, троичен:",
 "an6.63:36.3": "[переживаемый] в этой самой жизни, или в [следующем] перерождении, или в некоторых последующих случаях.",
 "an6.63:36.4": "Это называется результатом деятельности.",
 "an6.63:37.1": "И каково прекращение деятельности?",
 "an6.63:37.2": "С прекращением контакта имеет место прекращение деятельности.",
 "an6.63:37.3": "Этот самый Благородный Восьмеричный Путь является путём, ведущим к прекращению деятельности, то есть,",
 "an6.63:37.4": "правильный взгляд… правильное объединение опыта.",
 "an6.63:38.1": "Когда, монахи, ученик Благородных так понимает деятельность, источник и происхождение деятельности, результат деятельности, прекращение деятельности, и путь, ведущий к прекращению деятельности, [то тогда] он понимает, что эта проникающая святая жизнь является прекращением деятельности.",
 "an6.63:38.2": "Когда так было сказано: “Деятельность следует понять… Путь, ведущий к прекращению деятельности, следует понять” –",
 "an6.63:38.3": "то в отношении этого так было сказано.",
 "an6.63:39.1": "Когда так было сказано: “Боль следует понять… Путь, ведущий к прекращению боли, следует понять” –",
 "an6.63:39.2": "то в отношении чего так было сказано?",
 "an6.63:39.3": "Рождение – болезненно. Старость – болезненна. Болезнь – болезненна. Смерть – болезненна. Страдание, плач, боль, недовольство, и тоска – болезненны. Неполучение желаемого – болезненно. Сжато, пять групп поддерживания болезненны.",
 "an6.63:40.1": "И каков источник и происхождение боли?",
 "an6.63:40.2": "Цепляние является их источником и происхождением.",
 "an6.63:41.1": "И каково разнообразие боли?",
 "an6.63:41.2": "Есть неимоверное боль. Есть лёгкое боль. Есть боль, исчезающее медленно. Есть боль, исчезающее быстро.",
 "an6.63:41.3": "Это называется разнообразием боли.",
 "an6.63:42.1": "И каков результат боли?",
 "an6.63:42.2": "Вот некто, одолеваемый болью, с умом, охваченным им, печалится, горюет, и плачет. Он рыдает, бьёт себя в груди, становится обезумевшим. Или же, одолеваемый болью, с умом, охваченным им, он отправляется на внешние поиски, говоря:",
 "an6.63:42.3": "“У кого есть [мантра в] слово или два, чтобы положить конец этой боли?”",
 "an6.63:42.4": "Боль, я говорю вам, заканчивается либо безумием, либо поиском.",
 "an6.63:42.5": "Это называется результатом боли.",
 "an6.63:43.1": "И каково прекращение боли?",
 "an6.63:43.2": "С прекращением цепляния имеет место прекращение боли.",
 "an6.63:43.3": "Этот самый Благородный Восьмеричный Путь является путём, ведущим к прекращению боли, то есть,",
 "an6.63:43.4": "правильный взгляд… правильное объединение опыта.",
 "an6.63:44.1": "Когда, монахи, ученик Благородных так понимает боль, источник и происхождение боли, результат боли, прекращение боли, и путь, ведущий к прекращению боли, [то тогда] он понимает, что эта проникающая святая жизнь является прекращением боли.",
 "an6.63:44.2": "Когда так было сказано: “Боль следует понять… Путь, ведущий к прекращению боли, следует понять” –",
 "an6.63:44.3": "то в отношении этого так было сказано.",
 "an6.63:45.1": "В этом, монахи, заключается проникающее изложение Дхаммы”.",
 "an6.63:45.2": "Девятая."
}