{
  "an6.23:0.1": "Восходящие Наставления 6.23",
  "an6.23:0.2": "Глава Ануттария",
  "an6.23:0.3": "Сутта Опасность",
  "an6.23:1.1": "“Монахи, “опасность” – это обозначение чувственных удовольствий.",
  "an6.23:1.2": "“Боль”…",
  "an6.23:1.3": "“Недуг”…",
  "an6.23:1.4": "“Нарыв”…",
  "an6.23:1.5": "“Узел”…",
  "an6.23:1.6": "“Болото” – это обозначение чувственных удовольствий.",
  "an6.23:2.1": "И почему, монахи, “опасность” – это обозначение чувственных удовольствий?",
  "an6.23:2.2": "Человек возбуждён чувственной страстью, скован желанием и страстью, не освобождён от опасности, присущей этой жизни, или от опасности, присущей будущим жизням. Вот почему “опасность” – это обозначение чувственных удовольствий.",
  "an6.23:2.3": "И почему “страдание”…",
  "an6.23:2.4": "И почему “недуг”…",
  "an6.23:2.5": "И почему “нарыв”…",
  "an6.23:2.6": "И почему “узел”…",
  "an6.23:2.7": "И почему “болото” – это обозначение чувственных удовольствий?",
  "an6.23:2.8": "Человек возбуждён чувственной страстью, скован желанием и страстью, не освобождён от болота, присущего этой жизни, или от болота, присущего будущим жизням. Вот почему “болото” – это обозначение чувственных удовольствий”.",
  "an6.23:3.1": "“Опасность, недуг и страдание,",
  "an6.23:3.2": "И узел, нарыв, и болото –",
  "an6.23:3.3": "То услады чувств описания,",
  "an6.23:3.4": "К которым мирянин привязан.",
  "an6.23:4.1": "Увидев опасность в цеплянии –",
  "an6.23:4.2": "Источник рождения и смерти,",
  "an6.23:4.3": "Свободным став с не-цеплянием,",
  "an6.23:4.4": "Рождение и смерть устранив –",
  "an6.23:5.1": "Спасения счастливый добился,",
  "an6.23:5.2": "Ниббаны достиг в этой жизни.",
  "an6.23:5.3": "Опасность, вражду одолевши,",
  "an6.23:5.4": "За рамки боли он вышел”.",
  "an6.23:5.5": "Третья."
}