{
  "an6.95:0.1": "Восходящие Наставления 6.95",
  "an6.95:0.2": "Глава Сити",
  "an6.95:0.3": "Сутта Случаи Четвёртая",
  "an6.95:1.1": "“Монахи, есть эти шесть случаев неспособности.",
  "an6.95:1.2": "Какие шесть?",
  "an6.95:1.3": "Человек, совершенный в воззрениях, не способен прибегнуть к [мнению], что удовольствие и боль созданы собой; …другим… …и собой и другим… …не собой, но возникли случайно… …не другим, но возникли случайно… …ни собой, ни другим, но возникли случайно.",
  "an6.95:1.4": "И почему?",
  "an6.95:1.5": "Потому что человек, совершенный в воззрениях, чётко увидел причинность и причинно возникшие феномены.",
  "an6.95:1.6": "Таковы шесть случаев неспособности”.",
  "an6.95:1.7": "Одниннадцатая.",
  "an6.95:1.8": "Глава Сити Девятая.",
  "an6.95:2.0": "Оглавление",
  "an6.95:2.1": "",
  "an6.95:2.2": "",
  "an6.95:2.3": "",
  "an6.95:2.4": ""
}