{
  "an6.70:0.1": "Восходящие Наставления 6.70",
  "an6.70:0.2": "Глава Девата",
  "an6.70:0.3": "Сутта Сосредоточение",
  "an6.70:1.1": "“Монахи, не может быть такого, чтобы монах, не имеющий сосредоточения, которое умиротворённое, возвышенное, достигнутое посредством безмятежности, достигшее единения [ума], мог бы Овладевать различными видами сверхъестественных сил: будучи одним, он бы становился многими… достигал бы даже мира Брахмы.",
  "an6.70:1.2": "Не может быть такого, чтобы он слышал бы за счёт божественного уха, очищенного и превосходящего человеческое, различные виды звуков: божественные и человеческие, далёкие и близкие.",
  "an6.70:1.3": "Не может быть такого, чтобы он знал бы умы других существ…",
  "an6.70:1.4": "",
  "an6.70:1.5": "…освобождённый ум как освобождённый ум.",
  "an6.70:1.6": "Не может быть такого, чтобы он вспоминал бы многочисленные прошлые обители… в подробностях и деталях.",
  "an6.70:1.7": "Не может быть такого, чтобы он видел бы за счёт божественного глаза… в соответствии с их каммой.",
  "an6.70:1.8": "Не может быть такого, чтобы за счёт уничтожения пятен [умственных загрязнений] в этой самой жизни он входил бы и пребывал в незапятнанном освобождении ума, освобождении мудростью, зная и проявляя эти состояния для себя самостоятельно посредством прямого знания.",
  "an6.70:2.1": "Монахи, есть возможность, что монах, имеющий сосредоточение, которое умиротворённое, возвышенное, достигнутое посредством безмятежности, достигшее единения [ума], мог бы овладевать различными видами сверхъестественных сил…",
  "an6.70:2.2": "слышать за счёт божественного уха…",
  "an6.70:2.3": "знать умы других существ…",
  "an6.70:2.4": "",
  "an6.70:2.5": "",
  "an6.70:2.6": "вспоминать многочисленные прошлые обители…",
  "an6.70:2.7": "видеть за счёт божественного глаза…",
  "an6.70:2.8": "входить и пребывать в незапятнанном освобождении ума, освобождении мудростью, зная и проявляя эти состояния для себя самостоятельно посредством прямого знания”.",
  "an6.70:2.9": "Шестая."
}