{
  "an6.100:0.1": "Восходящие Наставления 6.100",
  "an6.100:0.2": "Глава Анисамса ",
  "an6.100:0.3": "Сутта Боль ",
  "an6.100:1.1": "“Не может быть, монахи, такого, чтобы монах, который считает какой-либо обусловленный феномен от личностности наблюдающего… ",
  "an6.100:1.2": "…все обусловленные феномены от без-личностности набюдающего… ",
  "an6.100:1.3": "Есть возможность…",
  "an6.100:1.4": "Пятая."
}