{
  "an6.5:0.1": "Восходящие Наставления 6.5",
  "an6.5:0.2": "Глава Ахунейя",
  "an6.5:0.3": "Сутта Чистокровный скакун Первая",
  "an6.5:1.1": "“Монахи, обладая шестью факторами, царский превосходный чистокровный скакун достоин царя, является принадлежностью царя, считается одним из факторов царствования.",
  "an6.5:2.1": "Какими шестью?",
  "an6.5:2.2": "Вот царский превосходный скакун терпеливо выносит Формы, терпеливо выносит звуки… запахи… вкусы… тактильные ощущения и наделён красотой.",
  "an6.5:2.3": "Обладая этими шестью факторами, царский превосходный чистокровный скакун достоин царя, является принадлежностью царя, считается одним из факторов царствования.",
  "an6.5:3.1": "Точно также, обладая шестью качествами, монах достоин даров, достоин гостеприимства, достоин подношений, достоин почтительного приветствия – непревзойдённое поле заслуг для мира.",
  "an6.5:3.2": "Какими шестью?",
  "an6.5:3.3": "Вот монах терпеливо выносит Формы, терпеливо выносит звуки… запахи… вкусы… тактильные ощущения… ментальные феномены.",
  "an6.5:3.4": "Обладая этими шестью качествами, монах достоин даров, достоин гостеприимства, достоин подношений, достоин почтительного приветствия – непревзойдённое поле заслуг для мира”.",
  "an6.5:3.5": "Пятая."
}