{
  "an6.142:0.1": "Восходящие Наставления 6.142",
  "an6.142:0.2": "Сокращение Страсть ",
  "an6.142:0.3": "",
  "an6.142:1.1": "Для познания страсти, монахи, шесть явлений должны быть развиты. ",
  "an6.142:1.2": "Какие шесть? ",
  "an6.142:1.3": "Сознавание ненадёжности, в ненадёжном сознавание болезненности, в болезненном сознавание безличности, сознавание покидания, сознавание бесстрастия, сознавание истечения. ",
  "an6.142:1.4": "Для познания страсти, монахи, шесть явлений должны быть развиты."
}