{
  "an6.31:0.1": "Восходящие Наставления 6.31",
  "an6.31:0.2": "Глава Ануттария ",
  "an6.31:0.3": "Сутта Упадок ",
  "an6.31:1.1": "“Монахи, эти шесть качеств ведут к упадку монаха, который ещё ученик. ",
  "an6.31:1.2": "Какие шесть? ",
  "an6.31:1.3": "Наслаждение работой, наслаждение разговорами, наслаждение сном, наслаждение компанией, отсутствие охраны дверей органов чувств, отсутствие умеренности в еде, ",
  "an6.31:1.4": "Эти шесть качеств ведут к упадку монаха, который ещё ученик. ",
  "an6.31:2.1": "Монахи, эти шесть качеств ведут к не-упадку монаха, который ещё ученик. ",
  "an6.31:2.2": "Какие шесть? ",
  "an6.31:2.3": "Отсутствие наслаждения работой… охрана дверей… умеренность в еде… ",
  "an6.31:2.4": "Эти шесть качеств ведут к не-упадку монаха, который ещё ученик”.",
  "an6.31:2.5": "Первая."
}