{
  "an6.66:0.1": "Восходящие Наставления 6.66",
  "an6.66:0.2": "Глава Девата",
  "an6.66:0.3": "Сутта Арахантство",
  "an6.66:1.1": "“Монахи, не отбросив эти шесть вещей, человек не способен реализовать арахантство. ",
  "an6.66:1.2": "Какие шесть?",
  "an6.66:1.3": "Апатию, лень, неугомонность, сожаление, отсутствие веры, беспечность.",
  "an6.66:1.4": "Не отбросив этих шести вещей, человек не способен реализовать арахантство. ",
  "an6.66:2.1": "Монахи, отбросив эти шесть вещей, человек способен реализовать арахантство. ",
  "an6.66:2.2": "Какие шесть? ",
  "an6.66:2.3": "Апатию… беспечность. ",
  "an6.66:2.4": "Отбросив эти шесть вещей, человек способен реализовать арахантство”.",
  "an6.66:2.5": "Вторая."
}