{
  "an6.15:0.1": "Восходящие Наставления 6.15",
  "an6.15:0.2": "Глава Сарания",
  "an6.15:0.3": "Сутта Сожаление",
  "an6.15:1.1": "И тогда Достопочтенный Сарипутта обратился к монахам:",
  "an6.15:1.2": "“Друзья, [бывает такой случай, когда] монах проводит своё время так, что он умирает в сожаления.",
  "an6.15:1.3": "И как монах проводит своё время так, что он умирает в сожалении?",
  "an6.15:2.1": "Вот монах наслаждается работой, радуется работе, предаётся наслаждению работой. ",
  "an6.15:2.2": "Он наслаждается сном, радуется сну, предаётся наслаждению сном. ",
  "an6.15:2.3": "Он наслаждается компанией, радуется компании, предаётся наслаждению компанией. ",
  "an6.15:2.4": "Он наслаждается связанностью, радуется связанности, предаётся наслаждению связанностью. ",
  "an6.15:2.5": "Он наслаждается разрастанием, радуется разрастанию, предаётся наслаждению разрастанием.",
  "an6.15:2.6": "Когда монах проводит своё время так, он умирает в сожалении.",
  "an6.15:2.7": "Такой монах зовётся тем,",
  "an6.15:2.8": "кто радуется личностному существованию, который не отбросил личностного существования, чтобы полностью положить конец страданиям.",
  "an6.15:3.1": "Монахи, [бывает и иной случай, когда] монах проводит своё время так, что он умирает без сожаления.",
  "an6.15:3.2": "И как монах проводит своё время так, что он умирает без сожаления?",
  "an6.15:4.1": "Вот монах не наслаждается работой… ",
  "an6.15:4.2": "",
  "an6.15:4.3": "",
  "an6.15:4.4": "",
  "an6.15:4.5": "…не предаётся наслаждению разрастанием.",
  "an6.15:4.6": "Когда монах проводит своё время так, он умирает без сожаления.",
  "an6.15:4.7": "Такой монах зовётся тем,",
  "an6.15:4.8": "кто радуется ниббане, кто отбросил личностное существование и полностью положил конец страданиям”.",
  "an6.15:5.1": "“То существо, что радуется разрастанию,",
  "an6.15:5.2": "И разрастанием кое наслаждается –",
  "an6.15:5.3": "Добраться до ниббаны не сумело,",
  "an6.15:5.4": "От подневольности непревзойдённого спасения.",
  "an6.15:6.1": "Но тот, кто смог отбросить разрастание,",
  "an6.15:6.2": "Находит кто в не-разрастании восторг,",
  "an6.15:6.3": "Тот смог добраться до ниббаны,",
  "an6.15:6.4": "От подневольности непревзойдённого спасения”.",
  "an6.15:6.5": "Пятая."
}