{
  "an6.94:0.1": "Восходящие Наставления 6.94",
  "an6.94:0.2": "Глава Сити",
  "an6.94:0.3": "Сутта Случаи Третья",
  "an6.94:1.1": "“Монахи, есть эти шесть случаев неспособности.",
  "an6.94:1.2": "Какие шесть?",
  "an6.94:1.3": "Человек, совершенный в воззрениях, не способен лишить жизни свою мать, лишить жизни своего отца, лишить жизни араханта, со злобным умом пролить кровь Татхагаты, создать раскол в Сангхе, признать другого учителя”.",
  "an6.94:1.4": "“Эти, монахи, шесть случаев неспособности.",
  "an6.94:1.5": "Десятая."
}