{
  "an6.77:0.1": "Восходящие Наставления 6.77",
  "an6.77:0.2": "Глава Арахантство ",
  "an6.77:0.3": "Сутта Сверхчеловеческое состояние ",
  "an6.77:1.1": "“Монахи, не отбросив эти шесть вещей, человек не способен реализовать какое-либо сверхчеловеческое отличие в знании и видении, достойное благородных. ",
  "an6.77:1.2": "Какие шесть? ",
  "an6.77:1.3": "Замутнённость ума, отсутствие бдительности, отсутствие охраны дверей органов чувств, отсутствие умеренности в еде, двуличность, лесть. ",
  "an6.77:1.4": "Не отбросив этих шести вещей, человек не способен реализовать какое-либо сверхчеловеческое отличие в знании и видении, достойное благородных. ",
  "an6.77:2.1": "Монахи, отбросив эти шесть вещей, человек способен реализовать какое-либо сверхчеловеческое отличие в знании и видении, достойное благородных. ",
  "an6.77:2.2": "Какие шесть? ",
  "an6.77:2.3": "Замутнённость ума… лесть. ",
  "an6.77:2.4": "Отбросив эти шесть вещей, человек способен реализовать какое-либо сверхчеловеческое отличие в знании и видении, достойное благородных”.",
  "an6.77:2.5": "Третья."
}