{
  "an6.101:0.1": "Восходящие Наставления 6.101",
  "an6.101:0.2": "Глава Анисамса ",
  "an6.101:0.3": "Сутта Ниббана ",
  "an6.101:1.1": "“Монахи, Не может быть такого, чтобы монах, который считает ниббану страданием, будет обладать убеждённостью, согласующейся [с Дхаммой]. ",
  "an6.101:1.2": "Не может быть такого, чтобы тот, кто не обладает убеждённостью, согласующейся [с Дхаммой], вступит на твёрдый путь правильности. ",
  "an6.101:1.3": "Не может быть такого, чтобы тот, кто не вступает на твёрдый путь правильности, реализует плод вступления в поток, плод однажды-возвращения, плод не-возвращения, или плод арахантства. ",
  "an6.101:2.1": "Монахи, есть возможность, что монах, который считает ниббану счастьем, будет обладать убеждённостью, согласующейся [с Дхаммой]. ",
  "an6.101:2.2": "Есть возможность, что тот, кто обладает убеждённостью, согласующейся [с Дхаммой], вступит на твёрдый путь правильности. ",
  "an6.101:2.3": "Есть возможность, что тот, кто вступает на твёрдый путь правильности, реализует плод вступления в поток, плод однажды-возвращения, плод не-возвращения, или плод арахантства”.",
  "an6.101:2.4": "Шестая."
}