{
  "an6.140:0.1": "Восходящие Наставления 6.140",
  "an6.140:0.2": "Сокращение Страсть ",
  "an6.140:0.3": "",
  "an6.140:1.1": "Для познания страсти, монахи, шесть явлений должны быть развиты. ",
  "an6.140:1.2": "Какие шесть? ",
  "an6.140:1.3": "Непревзойдённое видение, непревзойдённое слушание, непревзойдённое обретение, непревзойдённую тренировку, непревзойдённое услужение, непревзойдённое памятование. ",
  "an6.140:1.4": "Для познания страсти, монахи, шесть явлений должны быть развиты."
}