{
  "an6.106:0.1": "Восходящие Наставления 6.106",
  "an6.106:0.2": "Глава Анисамса",
  "an6.106:0.3": "Сутта Цепляние",
  "an6.106:1.1": "“Монахи, есть эти три вида цепляния и эти три вида самомнения, которые следует отбросить.",
  "an6.106:1.2": "Какие три вида цепляния следует отбросить?",
  "an6.106:1.3": "Чувственное цепляине, цепляние к существованию, цепляние к несуществованию.",
  "an6.106:1.4": "Эти три вида цепляния следует отбросить.",
  "an6.106:1.5": "И какие три вида самомнения следует отбросить?",
  "an6.106:1.6": "самомнение, комплекс неполноценности, надменность.",
  "an6.106:1.7": "Эти три вида самомнения следует отбросить.",
  "an6.106:1.8": "Когда монах отбросил эти три вида цепляния и эти три вида самомнения,",
  "an6.106:1.9": "то он зовётся монахом, который отрезал цепляние, сбросил оковы, и, полностью пробившись сквозь самомнение, положил конец страданиям”.",
  "an6.106:1.10": "Одниннадцатая.",
  "an6.106:1.11": "Глава Анисамса Десятая.",
  "an6.106:2.0": "Оглавление",
  "an6.106:2.1": "",
  "an6.106:2.2": "",
  "an6.106:2.3": "",
  "an6.106:2.4": "",
  "an6.106:2.5": "",
  "an6.106:2.6": ""
}