{
  "an6.86:0.1": "Восходящие Наставления 6.86",
  "an6.86:0.2": "Глава Сити ",
  "an6.86:0.3": "Сутта Препятствия ",
  "an6.86:1.1": "“Монахи, обладая шестью качествами, даже во время слушания благой Дхаммы человек не способен вступить на твёрдый путь правильности [в отношении] благих качеств. ",
  "an6.86:1.2": "Какими шестью? ",
  "an6.86:1.3": "Ему препятствует камма, ему препятствуют загрязнения [ума], ему препятствует результат [каммы], он не имеет веры, он не имеет желания, он немудр. ",
  "an6.86:1.4": "Обладая этими шестью качествами, даже во время слушания благой Дхаммы человек не способен вступить на твёрдый путь правильности [в отношении] благих качеств. ",
  "an6.86:2.1": "Монахи, обладая шестью качествами, во время слушания благой Дхаммы человек способен вступить на твёрдый путь правильности [в отношении] благих качеств. ",
  "an6.86:2.2": "Какими шестью? ",
  "an6.86:2.3": "Ему не препятствует камма, ему не препятствуют загрязнения [ума], ему не препятствует результат [каммы], он имеет веру, он имеет желание, он мудр. ",
  "an6.86:2.4": "Обладая этими шестью качествами, во время слушания благой Дхаммы человек способен вступить на твёрдый путь правильности [в отношении] благих качеств”.",
  "an6.86:2.5": "Вторая."
}