{
  "an6.112:0.1": "Восходящие Наставления 6.112",
  "an6.112:0.2": "Глава Тика ",
  "an6.112:0.3": "Сутта Привлекательность ",
  "an6.112:1.1": "“Монахи, есть эти три вещи. ",
  "an6.112:1.2": "Какие три? ",
  "an6.112:1.3": "Воззрение о привлекательности, воззрение о “я”, неправильное воззрение. ",
  "an6.112:1.4": "Таковы три вещи. ",
  "an6.112:1.5": "Три [иные] вещи следует развить ради отбрасывания этих трёх вещей. ",
  "an6.112:1.6": "Какие три? ",
  "an6.112:1.7": "Восприятие непостоянства следует развить для отбрасывания воззрения о привлекательности. Восприятие безличностности следует развить для отбрасывания воззрения о “я”. Правильное воззрение следует развить для отбрасывания неправильного воззрения. ",
  "an6.112:1.8": "Эти три вещи следует развить ради отбрасывания первых трёх вещей”.",
  "an6.112:1.9": "Шестая."
}