{
  "an6.35:0.1": "Восходящие Наставления 6.35",
  "an6.35:0.2": "Глава Девата ",
  "an6.35:0.3": "Сутта Относятся к истинному знанию ",
  "an6.35:1.1": "“Монахи, эти шесть вещей относятся к истинному знанию. ",
  "an6.35:1.2": "Какие шесть? ",
  "an6.35:1.3": "Восприятие непостоянства, восприятие страдательности в непостоянном, восприятие безличностности в страдательном, восприятие оставления, восприятие бесстрастия, восприятие прекращения. ",
  "an6.35:1.4": "Эти шесть вещей относятся к истинному знанию”.",
  "an6.35:1.5": "Пятая."
}