{
  "an6.11:0.1": "Восходящие Наставления 6.11",
  "an6.11:0.2": "Глава Сарания ",
  "an6.11:0.3": "Сутта Радушие Первая ",
  "an6.11:1.1": "“Монахи, есть эти шесть принципов радушия. ",
  "an6.11:1.2": "Какие шесть? ",
  "an6.11:1.3": "Вот монах поддерживает телесные поступки, [основанные на] доброжелательности – как на людях, так и частным образом – по отношению к своим товарищам-монахам. Таков принцип радушия. ",
  "an6.11:2.1": "Далее, монах поддерживает словесные поступки, [основанные на] доброжелательности – как на людях, так и частным образом – по отношению к своим товарищам-монахам. Таков ещё один принцип радушия. ",
  "an6.11:3.1": "Далее, монах поддерживает умственные поступки, [основанные на] доброжелательности – как на людях, так и частным образом – по отношению к своим товарищам-монахам. Таков ещё один принцип радушия. ",
  "an6.11:4.1": "Далее, монах делится, не припрятывая [это] для себя, любыми праведными обретениями, которые были праведно получены, включая даже содержимое его чаши для сбора подаяний, и пользуется этими вещами совместно с его нравственными товарищами-монахами. Таков ещё один принцип радушия. ",
  "an6.11:5.1": "Далее, монах пребывает как на людях, так и частным образом, разделяя вместе со своими товарищами-монахами нравственное поведение – цельное, безупречное, не имеющее изъянов, незапятнанное, освобождающее, восхваляемое мудрецами, яркое, ведущее к сосредоточению. Таков ещё один принцип радушия. ",
  "an6.11:6.1": "Далее, монах пребывает как на людях, так и частным образом, разделяя вместе со своими товарищами-монахами воззрение, которое благородное и освобождающее, выводящее того, кто поступает в соответствии с ним, к полному уничтожению страданий. Таков ещё один принцип радушия. ",
  "an6.11:7.1": "Таковы, монахи, шесть принципов радушия”.",
  "an6.11:7.2": "Первая."
}