{
  "an6.3:0.1": "Восходящие Наставления 6.3",
  "an6.3:0.2": "Глава Ахунейя ",
  "an6.3:0.3": "Сутта Качества ",
  "an6.3:1.1": "“Монахи, обладая шестью качествами, монах достоин даров, достоин гостеприимства, достоин подношений, достоин почтительного приветствия – непревзойдённое поле заслуг для мира. ",
  "an6.3:1.2": "Какими шестью? ",
  "an6.3:1.3": "Качеством веры, качеством усердия, качеством осознанности, качеством сосредоточения, качеством мудрости и за счёт уничтожения умственных загрязнений в этой самой жизни он входит и пребывает в незапятнанном освобождении ума, освобождении мудростью, зная и проявляя эти состояния для себя самостоятельно посредством прямого знания. ",
  "an6.3:1.4": "Обладая этими шестью качествами, монах достоин даров, достоин гостеприимства, достоин подношений, достоин почтительного приветствия – непревзойдённое поле заслуг для мира”.",
  "an6.3:1.5": "Третья."
}