{
  "an6.73:0.1": "Восходящие Наставления 6.73",
  "an6.73:0.2": "Глава Девата ",
  "an6.73:0.3": "Сутта Первая джхана Первая ",
  "an6.73:1.1": "“Монахи, не отбросив шесть вещей, человек не способен войти и пребывать в первой джхане. ",
  "an6.73:1.2": "Какие шесть? ",
  "an6.73:1.3": "Чувственное желание, недоброжелательность, лень и апатию, неугомонность и сожаление, сомнение, ",
  "an6.73:1.4": "и он не увидел чётко, правильной мудростью, в соответствии с действительностью опасность в чувственных удовольствиях. ",
  "an6.73:1.5": "Не отбросив этих шести вещей, человек не способен войти и пребывать в первой джхане. ",
  "an6.73:2.1": "Монахи, отбросив шесть вещей, человек способен войти и пребывать в первой джхане. ",
  "an6.73:2.2": "Какие шесть? ",
  "an6.73:2.3": "Чувственное желание… ",
  "an6.73:2.4": "он увидел чётко, правильной мудростью, в соответствии с действительностью опасность в чувственных удовольствиях. ",
  "an6.73:2.5": "Отбросив эти шесть вещей, человек способен войти и пребывать в первой джхане”.",
  "an6.73:2.6": "Девятая."
}