{
  "an6.104:0.1": "Восходящие Наставления 6.104",
  "an6.104:0.2": "Глава Анисамса ",
  "an6.104:0.3": "Сутта Без самоопределения ",
  "an6.104:1.1": "“Монахи, когда монах рассматривает шесть видов полезного, то этого достаточно для того, чтобы утвердить безграничное восприятие безличностности во всех феноменах. ",
  "an6.104:1.2": "Какие шесть? ",
  "an6.104:1.3": "“Я не буду отождествляться [с чем-либо] во всём мире”. “Сотворения “я” прекратятся во мне”. “Сотворения “моего” прекратятся во мне”. “Я буду обладать знанием, которого не имеют [заурядные люди]”. “Я чётко увижу причинность”. “Я чётко увижу причинно возникшие феномены”. ",
  "an6.104:1.4": "Монахи, когда монах рассматривает эти шесть видов полезного, то этого достаточно для того, чтобы утвердить безграничное восприятие безличностности во всех феноменах”.",
  "an6.104:1.5": "Девятая."
}