{
  "an6.120-139:0.1": "Восходящие Наставления 6.120-139",
  "an6.120-139:0.2": "Глава Саманнья",
  "an6.120-139:0.3": "Сутта Тапусса",
  "an6.120-139:1.1": "“Монахи, обладая шестью качествами, домохозяин Бхаллика…",
  "an6.120-139:1.2": "домохозяин Судатта Анатхапиндика…",
  "an6.120-139:1.3": "домохозяин Читта Маччхикасанда…",
  "an6.120-139:1.4": "домохозяин Хаттхака из Алави…",
  "an6.120-139:1.5": "домохозяин Маханама из клана Сакьев…",
  "an6.120-139:1.6": "домохозяин Угга из Весали…",
  "an6.120-139:1.7": "домохозяин Уггата…",
  "an6.120-139:1.8": "домохозяин Сура из Амбаттхи…",
  "an6.120-139:1.9": "домохозяин Дживака Комарабхачча…",
  "an6.120-139:1.10": "домохозяин Накулапита…",
  "an6.120-139:1.11": "домохозяин Таваканника…",
  "an6.120-139:1.12": "домохозяин Пурана…",
  "an6.120-139:1.13": "домохозяин Исидатта…",
  "an6.120-139:1.14": "домохозяин Сандхана…",
  "an6.120-139:1.15": "домохозяин Виджая…",
  "an6.120-139:1.16": "домохозяин Вадджиямахита…",
  "an6.120-139:1.17": "домохозяин Мендака…",
  "an6.120-139:1.18": "мирянин Васеттха…",
  "an6.120-139:1.19": "мирянин Ариттха…",
  "an6.120-139:1.20": "мирянин Сарагга достиг уверенности в отношении Татхагаты, стал видящим бессмертного, тем, кто живёт, реализовав бессмертное.",
  "an6.120-139:1.21": "Какими шестью?",
  "an6.120-139:1.22": "Непоколебимой уверенностью в Буддe, непоколебимой уверенностью в Дхамме, непоколебимой уверенностью в Сангхе, благородным нравственным поведением, благородным знанием, благородным освобождением.",
  "an6.120-139:1.23": "Обладая этими шестью качествами, домохозяин Тапусса достиг уверенности в отношении Татхагаты, стал видящим бессмертного, тем, кто живёт, реализовав бессмертное”.",
  "an6.120-139:1.24": "Двадцать Третья.",
  "an6.120-139:1.25": "Глава Саманнья Двенадцатая."
}