{
 "an10.147:0.1": "Восходящие Наставления 10.147",
 "an10.147:0.2": "Глава Ария",
 "an10.147:0.3": "Сутта Подлинная Дхамма",
 "an10.147:1.1": "Подлинной Дхаммы, монахи, явление объясню и неподлинной дхаммы.",
 "an10.147:1.2": "Услышьте это…",
 "an10.147:1.3": "“И что такое, монахи, неподлинная Дхамма?",
 "an10.147:1.4": "Ошибочный взгляд… ошибочное освбождение—",
 "an10.147:1.5": "об этом говорится, монахи, неподлинная Дхамма.",
 "an10.147:1.6": "И что такое, монахи, подлинная Дхамма?",
 "an10.147:1.7": "Правильный взгляд… правильное освобождение—",
 "an10.147:1.8": "об этом говорится, монахи, подлинная Дхамма.",
 "an10.147:1.9": "Третья."
}