{
 "an10.214:0.1": "Восходящие Наставления 10.214",
 "an10.214:0.2": "Глава Караджакая",
 "an10.214:0.3": "Сутта Мирянка",
 "an10.214:1.1": "“Монахи, обладая этими десятью качествами, мирянка оказывется в аду, как если бы туда затянули [силой].",
 "an10.214:1.2": "Какими десятью?",
 "an10.214:1.3": "Уничтожение жизни…",
 "an10.214:1.4": "ошибочный взгляд.",
 "an10.214:1.5": "Обладая этими десятью качествами, мирянка оказывается в аду, как если бы туда затянули [силой].",
 "an10.214:2.1": "Монахи, обладая этими десятью качествами, мирянка оказываются в небесном мире, как если бы туда затянули [силой].",
 "an10.214:2.2": "Какими десятью?",
 "an10.214:2.3": "воздержание от уничтожения жизни…",
 "an10.214:2.4": "правильный взгляд.",
 "an10.214:2.5": "Обладая этими десятью качествами, мирянка оказывается в небесном мире, как если бы туда затянули [силой]”.",
 "an10.214:2.6": "Четвёртая."
}