{
 "an10.188:0.1": "Восходящие Наставления 10.188",
 "an10.188:0.2": "Глава Садху",
 "an10.188:0.3": "Сутта Созревание",
 "an10.188:1.1": "Болезненное созревание, монахи, объясню и приятное созревание.",
 "an10.188:1.2": "Услышьте это…",
 "an10.188:1.3": "“И что такое, монахи, болезненное созревание?",
 "an10.188:1.4": "Уменьшение жизни…",
 "an10.188:1.5": "ошибочный взгляд—",
 "an10.188:1.6": "об этом говорится, монахи, болезненное созревание.",
 "an10.188:2.1": "И что такое, монахи, приятное созревание?",
 "an10.188:2.2": "отвергание уменьшения жизни…",
 "an10.188:2.3": "правильный взгляд—",
 "an10.188:2.4": "об этом говорится, монахи, приятное созревание.",
 "an10.188:2.5": "Одниннадцатая.",
 "an10.188:2.6": "Глава Садху Третья"
}