{
  "an10.77:0.1": "Восходящие Наставления 10.77",
  "an10.77:0.2": "Глава Аканкха",
  "an10.77:0.3": "Сутта Ворона",
  "an10.77:1.1": "“Монахи, у вороны есть десять плохих качеств.",
  "an10.77:1.2": "Какие десять?",
  "an10.77:1.3": "Она разрушительная, нахальная, алчная, ненасытная, жестокая, безжалостная, слабая, хриплая, с замутнённым умом, стяжательская.",
  "an10.77:1.4": "Ворона обладает этими десятью плохими качествами.",
  "an10.77:1.5": "Точно также, порочный монах обладает десятью плохими качествами.",
  "an10.77:1.6": "Какими десятью?",
  "an10.77:1.7": "Он разрушительный… стяжательский.",
  "an10.77:1.8": "Порочный монах обладает этими десятью плохими качествами”.",
  "an10.77:1.9": "Седьмая."
}