{
  "an10.131:0.1": "Восходящие Наставления 10.131",
  "an10.131:0.2": "Глава Парисуддха",
  "an10.131:0.3": "Сутта Девятая",
  "an10.131:1.1": "“Монахи, эти десять вещей, будучи развитыми и взращенными, всецело ведут к разочарованию и бесстрастию, к прекращению, к покою, к прямому знанию, к просветлению, к ниббане нигде более, кроме как в дисциплине Счастливого.",
  "an10.131:1.2": "Какие десять?",
  "an10.131:1.3": "Правильный взгляд… правильное освобождение.",
  "an10.131:1.4": "Монахи, эти десять вещей, будучи развитыми и взращенными, всецело ведут к разочарованию и бесстрастию, к прекращению, к покою, к прямому знанию, к просветлению, к ниббане нигде более, кроме как в дисциплине Счастливого”.",
  "an10.131:1.5": "Девятая."
}