{
 "an10.213:0.1": "Восходящие Наставления 10.213",
 "an10.213:0.2": "Глава Караджакая ",
 "an10.213:0.3": "Сутта Женщина ",
 "an10.213:1.1": "“Монахи, обладая этими десятью качествами, женщина оказывется в аду, как если бы туда затянули [силой]. ",
 "an10.213:1.2": "Какими десятью? ",
 "an10.213:1.3": "Уничтожение жизни… ",
 "an10.213:1.4": "взятие того, что не было дано… ",
 "an10.213:1.5": "неблагое сексуальное поведение…",
 "an10.213:1.6": "ложь…",
 "an10.213:1.7": "сеющая распри речь… ",
 "an10.213:1.8": "грубая речь… ",
 "an10.213:1.9": "пустословие…",
 "an10.213:1.10": "алчность… ",
 "an10.213:1.11": "недоброжелательность…",
 "an10.213:1.12": "ошибочный взгляд. ",
 "an10.213:1.13": "Обладая этими десятью качествами, женщина оказывается в аду, как если бы туда затянули [силой]. ",
 "an10.213:2.1": "Монахи, обладая этими десятью качествами, женщина оказываются в небесном мире, как если бы туда затянули [силой]. ",
 "an10.213:2.2": "Какими десятью? ",
 "an10.213:2.3": "воздержание от уничтожения жизни… ",
 "an10.213:2.4": "воздержание от взятия того, что не было дано… ",
 "an10.213:2.5": "воздержание от неблагого сексуального поведения…",
 "an10.213:2.6": "воздержание от лжи…",
 "an10.213:2.7": "воздержание от сеющей распри речи… ",
 "an10.213:2.8": "воздержание от грубой речи… ",
 "an10.213:2.9": "воздержание от пустословия…",
 "an10.213:2.10": "не-алчность… ",
 "an10.213:2.11": "не-недоброжелательность…",
 "an10.213:2.12": "правильный взгляд. ",
 "an10.213:2.13": "Обладая этими десятью качествами, женщина оказывается в небесном мире, как если бы туда затянули [силой]”.",
 "an10.213:2.14": "Третья."
}