{
  "an10.128:0.1": "Восходящие Наставления 10.128",
  "an10.128:0.2": "Глава Парисуддха",
  "an10.128:0.3": "Сутта Шестая",
  "an10.128:1.1": "“Монахи, эти десять вещей, будучи развитыми и взращенными, будучи невозникшими, возникают нигде более, кроме как в дисциплине Счастливого.",
  "an10.128:1.2": "Какие десять?",
  "an10.128:1.3": "Правильный взгляд… правильное освобождение. ",
  "an10.128:1.4": "Монахи, эти десять вещей, будучи развитыми и взращенными, будучи невозникшими, возникают нигде более, кроме как в дисциплине Счастливого”.",
  "an10.128:1.5": "Шестая."
}