{
 "an10.81:0.1": "Восходящие Наставления 10.81",
 "an10.81:0.2": "Глава Тхера",
 "an10.81:0.3": "Сутта Бахуна",
 "an10.81:1.1": "Однажды Благословенный пребывал в Чампе на берегу Лотосового Пруда Гаггары.",
 "an10.81:1.2": "И тогда Достопочтенный Бахуна подошёл к Благословенному, поклонился ему, сел рядом и сказал ему:",
 "an10.81:1.3": "“Почтенный, от скольких вещей Татхагата освобождён, отсоединён, избавлен, так что он пребывает с умом, свободным от ограниченностей?”",
 "an10.81:2.1": "“Бахуна, поскольку Татхагата освобождён, отсоединён, избавлен от десяти вещей, он пребывает с умом, свободным от ограниченностей.",
 "an10.81:2.2": "Каких десяти?",
 "an10.81:2.3": "Поскольку Татхагата освобождён, отсоединён, избавлен от формы, он пребывает с умом, свободным от ограниченностей. Поскольку Татхагата освобождён, отсоединён, избавлен от",
 "an10.81:2.4": "чувства…",
 "an10.81:2.5": "восприятия…",
 "an10.81:2.6": "формаций [ума]…",
 "an10.81:2.7": "сознания, он пребывает с умом, свободным от ограниченностей.",
 "an10.81:2.8": "Поскольку Татхагата освобождён, отсоединён, избавлен от рождения…",
 "an10.81:2.9": "старости…",
 "an10.81:2.10": "смерти…",
 "an10.81:2.11": "боли…",
 "an10.81:2.12": "загрязнений [ума], он пребывает с умом, свободным от ограниченностей.",
 "an10.81:2.13": "Подобно тому, как голубой, красный или белый лотос родился в воде, вырос в воде, но, поднявшись над поверхностью воды, он более не пятнается водой,",
 "an10.81:2.14": "точно также, Бахуна, поскольку Татхагата освобождён, отсоединён, избавлен от этих десяти вещей, он пребывает с умом, свободным от ограниченностей”.",
 "an10.81:2.15": "Первая."
}