{
  "an10.116:0.1": "Восходящие Наставления 10.116",
  "an10.116:0.2": "Глава Паччарохани",
  "an10.116:0.3": "Сутта Аджита",
  "an10.116:1.1": "И тогда странник Аджита подошёл к Благословенному и обменялся с ним вежливыми приветствиями.",
  "an10.116:1.2": "После обмена вежливыми приветствиями и любезностями, он сел рядом и сказал Благословенному:",
  "an10.116:2.1": "“Мастер Готама, у меня есть друг, отшельник по имени Пандита.",
  "an10.116:2.2": "Он продумал пятьсот аргументов, посредством которых приверженцы иных учений, будучи опровергнутыми, знают: “Наc опровергли”.",
  "an10.116:3.1": "Тогда Благословенный обратился к монахам:",
  "an10.116:3.2": "“Монахи, помните ли вы положения [отшельника] Пандиты?”",
  "an10.116:3.3": "“Сейчас подходящий момент, Благословенный! Сейчас подходящее время, Счастливый!",
  "an10.116:3.4": "Услышав это от Благословенного, монахи запомнят то, что сказал Благословенный”.",
  "an10.116:4.1": "“В таком случае, монахи, слушайте внимательно. Я буду говорить”.",
  "an10.116:4.2": "“Да, почтенный” – ответили те монахи.",
  "an10.116:4.3": "Благословенный сказал:",
  "an10.116:5.1": "“Бывает так, когда некий человек доказывает несостоятельность и ошибочность доктрины, противоположной Дхамме, [другой] доктриной, противоположной Дхамме. Таким образом, он радует собрание, противоположное [в своих убеждениях] Дхамме.",
  "an10.116:5.2": "По этой причине собрание, противоположное Дхамме, гудит, горланит, восклицает:",
  "an10.116:5.3": "“Он воистину мудр, почтенные! Он воистину мудр, почтенные!”",
  "an10.116:6.1": "[Далее, бывает так, когда] некий человек доказывает несостоятельность и ошибочность доктрины, согласующейся с Дхаммой, [другой] доктриной, противоположной Дхамме. Таким образом, он радует собрание, противоположное [в своих убеждениях] Дхамме.",
  "an10.116:6.2": "По этой причине собрание, противоположное Дхамме, гудит, горланит, восклицает:",
  "an10.116:6.3": "“Он воистину мудр, почтенные! Он воистину мудр, почтенные!”",
  "an10.116:7.1": "[Далее, бывает так, когда] некий человек доказывает несостоятельность и ошибочность и доктрины, согласующейся с Дхаммой, и доктрины, противоположной Дхамме, [другой] доктриной, противоположной Дхамме. Таким образом, он радует собрание, противоположное [в своих убеждениях] Дхамме.",
  "an10.116:7.2": "По этой причине собрание, противоположное Дхамме, гудит, горланит, восклицает:",
  "an10.116:7.3": "“Он воистину мудр, почтенные! Он воистину мудр, почтенные!”",
  "an10.116:8.1": "“Монахи, следует понимать, что такое не-Дхамма и [что такое] Дхамма,",
  "an10.116:8.2": "а также что такое вредное и [что такое] полезное.",
  "an10.116:8.3": "Поняв, что такое не-Дхамма и Дхамма, а также что такое вредное и полезное, следует практиковать в соответствии с Дхаммой и тем, что полезно.",
  "an10.116:9.1": "И что такое, монахи, не-Дхамма и Дхамма. Что такое вредное и полезное?",
  "an10.116:9.2": "Неправильные воззрения – это не-Дхамма.",
  "an10.116:9.3": "Правильные воззрения – это Дхамма.",
  "an10.116:9.4": "Многочисленные плохие, неблагие качества, возникающие с неправильным воззрением как причиной: это является вредным.",
  "an10.116:9.5": "Многочисленные благие качества, имеющие причиной правильное воззрение, что достигают осуществления посредством [их] развития: это является полезным.",
  "an10.116:10.1": "Неправильное устремление…",
  "an10.116:10.2": "",
  "an10.116:10.3": "Неправильная речь…",
  "an10.116:10.4": "",
  "an10.116:10.5": "Неправильные действия…",
  "an10.116:10.6": "",
  "an10.116:10.7": "Неправильные средства к жизни…",
  "an10.116:10.8": "",
  "an10.116:10.9": "Неправильное усилие…",
  "an10.116:10.10": "",
  "an10.116:10.11": "Неправильная осознанность…",
  "an10.116:10.12": "",
  "an10.116:10.13": "Неправильное сосредоточение…",
  "an10.116:10.14": "",
  "an10.116:10.15": "Неправильное знание…",
  "an10.116:10.16": "",
  "an10.116:11.1": "Неправильное освобождение – это не-Дхамма.",
  "an10.116:11.2": "Правильное освобождение – это Дхамма.",
  "an10.116:11.3": "Многочисленные плохие, неблагие качества, возникающие с неправильным освобождением как причиной: это является вредным.",
  "an10.116:11.4": "Многочисленные благие качества, имеющие причиной правильное освобождение, что достигают осуществления посредством [их] развития: это является полезным.",
  "an10.116:12.1": "Когда так было сказано: “Монахи, следует понимать, что такое не-Дхамма и [что такое] Дхамма,",
  "an10.116:12.2": "а также что такое вредное и [что такое] полезное.",
  "an10.116:12.3": "Поняв, что такое не-Дхамма и Дхамма, а также что такое вредное и полезное, следует практиковать в соответствии с Дхаммой и тем, что полезно” –",
  "an10.116:12.4": "то в отношении этого так было сказано”.",
  "an10.116:12.5": "Четвёртая."
}