{
  "an10.80:0.1": "Восходящие Наставления 10.80",
  "an10.80:0.2": "Глава Аканкха",
  "an10.80:0.3": "Сутта Основания Вторая",
  "an10.80:1.1": "“Монахи, существуют эти десять способов для устранения негодования.",
  "an10.80:1.2": "Какие десять?",
  "an10.80:1.3": "“Они сделали это, чтобы навредить мне, где здесь выгода?” – человек устраняет негодование.",
  "an10.80:1.4": "“Они делают это, чтобы навредить мне, где здесь выгода?",
  "an10.80:1.5": "“Они сделают это, чтобы навредить мне, где здесь выгода?",
  "an10.80:1.6": "“Они сделали это, чтобы навредить тому, кто мил и приятен мне, где здесь выгода?",
  "an10.80:1.7": "“Они делают это, чтобы навредить тому, кто мил и приятен мне…",
  "an10.80:1.8": "“Они сделают это, чтобы навредить тому, кто мил и приятен мне…",
  "an10.80:1.9": "“Они сделали это ради блага того, кто не мил и неприятен мне…",
  "an10.80:1.10": "“Они сделают это ради блага того, кто не мил и неприятен мне, где здесь возможность?” – человек устраняет негодование.",
  "an10.80:1.11": "Или он не злится без причины.",
  "an10.80:1.12": "Таковы, монахи, эти десять способов для устранения негодования”.",
  "an10.80:1.13": "Десятая.",
  "an10.80:1.14": "Глава Аканкха Третья.",
  "an10.80:2.0": "Оглавление",
  "an10.80:2.1": "",
  "an10.80:2.2": "",
  "an10.80:2.3": "",
  "an10.80:2.4": ""
}