{
 "an10.90:0.1": "Восходящие Наставления 10.90",
 "an10.90:0.2": "Глава Тхера",
 "an10.90:0.3": "Сутта Силы",
 "an10.90:1.1": "И тогда Достопочтенный Сарипутта подошёл к Благословенному, поклонился ему и сел рядом. Затем Благословенный сказал ему:",
 "an10.90:1.2": "“Сарипутта, когда загрязнения монаха были уничтожены, то сколькими силами он обладает, благодаря которым он может заявить [о достижении] уничтожения загрязнений [ума]:",
 "an10.90:1.3": "“Мои загрязнения [ума] были уничтожены”?",
 "an10.90:2.1": "“Почтенный, когда загрязнения монаха были уничтожены, он обладает десятью силами, благодаря которым он может заявить [о достижении] уничтожения загрязнений:",
 "an10.90:2.2": "“Мои загрязнения были уничтожены”.",
 "an10.90:2.3": "Какими десятью?",
 "an10.90:2.4": "Вот, почтенный, монах, загрязнения которого уничтожены, чётко увидел правильной мудростью все обусловленные феномены в соответствии с действительностью, [т.е.] непостоянными…",
 "an10.90:2.5": "Такова сила монаха, загрязнения которого уничтожены, на основании которой он заявляет [о том, что достиг] уничтожения загрязнений:",
 "an10.90:2.6": "“Мои загрязнения были уничтожены”.",
 "an10.90:3.1": "Далее, монах, загрязнения которого уничтожены, чётко увидел правильной мудростью чувственные удовольствия в соответствии с действительностью, [т.е.] подобными яме [с горячими] углями…",
 "an10.90:3.2": "Такова сила монаха, загрязнения которого уничтожены, на основании которой он заявляет [о том, что достиг] уничтожения загрязнений:",
 "an10.90:3.3": "“Мои загрязнения были уничтожены”.",
 "an10.90:4.1": "Далее, ум монаха, загрязнения которого уничтожены, склоняется, направляется, устремляется к затворничеству. Он уединён, радуется отречению, всецело покончил со всеми вещами, что являются основанием для загрязнений…",
 "an10.90:4.2": "Такова сила монаха, загрязнения которого уничтожены, на основании которой он заявляет [о том, что достиг] уничтожения загрязнений:",
 "an10.90:4.3": "“Мои загрязнения были уничтожены”.",
 "an10.90:5.1": "Далее, монах, загрязнения которого уничтожены, развил, хорошо развил четыре основы осознанности…",
 "an10.90:5.2": "Такова сила монаха, загрязнения которого уничтожены, на основании которой он заявляет [о том, что достиг] уничтожения загрязнений:",
 "an10.90:5.3": "“Мои загрязнения были уничтожены”.",
 "an10.90:6.1": "Далее, монах, загрязнения которого уничтожены, развил, хорошо развил четыре правильных старания…",
 "an10.90:6.2": "четыре основы сверхъестественных сил…",
 "an10.90:6.3": "пять качеств…",
 "an10.90:6.4": "пять сил…",
 "an10.90:6.5": "семь факторов просветления….",
 "an10.90:6.6": "Благородный Восьмеричный Путь…",
 "an10.90:6.7": "Такова сила монаха, загрязнения которого уничтожены, на основании которой он заявляет [о том, что достиг] уничтожения загрязнений:",
 "an10.90:6.8": "“Мои загрязнения были уничтожены”.",
 "an10.90:7.1": "Учитель, когда загрязнения монаха были уничтожены, он обладает этими десятью силами, благодаря которым он может заявить [о достижении] уничтожения загрязнений:",
 "an10.90:7.2": "“Мои загрязнения были уничтожены”.",
 "an10.90:7.3": "Десятая.",
 "an10.90:7.4": "Глава Тхера Четвёртая.",
 "an10.90:8.0": "Оглавление",
 "an10.90:8.1": "",
 "an10.90:8.2": "",
 "an10.90:8.3": "",
 "an10.90:8.4": ""
}