{
 "an10.181:0.1": "Восходящие Наставления 10.181",
 "an10.181:0.2": "Глава Садху",
 "an10.181:0.3": "Сутта Значение",
 "an10.181:1.1": "Цель, монахи, преподам и не-цель.",
 "an10.181:1.2": "Услышьте это…",
 "an10.181:1.3": "“И что такое, монахи, не-цель?",
 "an10.181:1.4": "Уменьшеие жизни…",
 "an10.181:1.5": "ошибочный взгляд—",
 "an10.181:1.6": "об этом говорится, монахи, не-цель.",
 "an10.181:2.1": "И что такое, монахи, цель?",
 "an10.181:2.2": "Отторжение уменьшения жизни…",
 "an10.181:2.3": "правильный взгляд—",
 "an10.181:2.4": "об этом говорится, монахи, цель.",
 "an10.181:2.5": "Четвёртая."
}