{
  "an10.63:0.1": "Восходящие Наставления 10.63",
  "an10.63:0.2": "Глава Ямака",
  "an10.63:0.3": "Сутта Уверенность",
  "an10.63:1.1": "“Монахи, те, кто достиг уверенности в отношении меня, совершенны в воззрении.",
  "an10.63:1.2": "Из тех, кто совершенен в воззрениях, пятеро достигают цели в этом мире и пятеро достигают цели, покинув этот мир.",
  "an10.63:1.3": "И кто эти пятеро, которые достигают цели в этом мире?",
  "an10.63:1.4": "Достигающий-за-семь-жизней-максимум, Идущий-из-семьи-в-семью, Восходящий-лишь-один-раз, Однажды-возвращающийся, И тот, кто уже в этой самой жизни – арахант.",
  "an10.63:1.5": "Эти пятеро достигают цели в этом мире.",
  "an10.63:1.6": "И кто эти пятеро, которые достигают цели, покинув этот мир?",
  "an10.63:1.7": "Достигающий ниббаны в промежутке, Достигающий ниббаны по приземлении, Достигающий ниббаны без усилия, Достигающий ниббаны с усилием, Направляющийся вверх к [высшему] миру [Чистых Обителей] Аканиттхе.",
  "an10.63:1.8": "Эти пятеро достигают цели, покинув этот мир.",
  "an10.63:1.9": "Все те, монахи, кто достиг уверенности в отношении меня, совершенны в воззрении.",
  "an10.63:1.10": "Из тех, кто совершенен в воззрениях, первые пятеро достигают цели в этом мире, а последние пятеро достигают цели, покинув этот мир”.",
  "an10.63:1.11": "Третья."
}