{
 "an10.182:0.1": "Восходящие Наставления 10.182",
 "an10.182:0.2": "Глава Садху",
 "an10.182:0.3": "Сутта Дхамма",
 "an10.182:1.1": "Дхамму, монахи, объясню и не-Дхамму.",
 "an10.182:1.2": "Услышьте это…",
 "an10.182:1.3": "“И что такое, монахи, не-Дхамма?",
 "an10.182:1.4": "Уменьшение жизни…",
 "an10.182:1.5": "ошибочный взгляд—",
 "an10.182:1.6": "об этом говорится, монахи, не-Дхамма.",
 "an10.182:2.1": "И что такое, монахи, Дхамма?",
 "an10.182:2.2": "отторжение уменьшения жизни…",
 "an10.182:2.3": "правильный взгляд—",
 "an10.182:2.4": "об этом говорится, монахи, Дхамма.",
 "an10.182:2.5": "Пятая."
}