{
  "an10.89:0.1": "Восходящие Наставления 10.89",
  "an10.89:0.2": "Глава Тхера",
  "an10.89:0.3": "Сутта Кокалика",
  "an10.89:1.1": "И тогда монах Кокалика подошёл к Благословенному, поклонился ему, сел рядом и сказал:",
  "an10.89:1.2": "“Почтенный, Сарипутта и Моггаллана имеют порочные желания. Они попали под влияние порочных желаний”. [Благословенный ответил]:",
  "an10.89:1.3": "“Не говори так, Кокалика! Не говори так, Кокалика!",
  "an10.89:1.4": "Утверди доверие к Сарипутте и Моггаллане, Кокалика.",
  "an10.89:1.5": "Сарипутта и Моггаллана обладают благим поведением”.",
  "an10.89:2.1": "И во второй раз монах Кокалика сказал Благословенному:",
  "an10.89:2.2": "“Почтенный, хотя Благословенный обладает моей верой и доверием к нему, всё же я утверждаю, что Сарипутта и Моггаллана имеют порочные желания”.",
  "an10.89:2.3": "“Не говори так, Кокалика! Не говори так, Кокалика!",
  "an10.89:2.4": "Утверди доверие к Сарипутте и Моггаллане, Кокалика.",
  "an10.89:2.5": "Сарипутта и Моггаллана обладают благим поведением”.",
  "an10.89:3.1": "И в третий раз монах Кокалика сказал Благословенному:",
  "an10.89:3.2": "“Почтенный, хотя Благословенный обладает моей верой и доверием к нему, всё же я утверждаю, что Сарипутта и Моггаллана имеют порочные желания”.",
  "an10.89:3.3": "“Не говори так, Кокалика! Не говори так, Кокалика!",
  "an10.89:3.4": "Утверди доверие к Сарипутте и Моггаллане, Кокалика.",
  "an10.89:3.5": "Сарипутта и Моггаллана обладают благим поведением”.",
  "an10.89:4.1": "И тогда монах Кокалика встал со своего сиденья, поклонился Благословенному и ушёл, обойдя его с правой стороны.",
  "an10.89:4.2": "И вскоре после того, как монах Кокалика ушёл, всё его тело покрылось фурункулами размером с горчичное зерно.",
  "an10.89:4.3": "Затем эти фурункулы выросли до размера горошин. Затем они выросли до размера бобов нута. Затем, до размера зерён ююбы. Затем, до размера плодов ююбы. Затем, до размера плодов миробалана. Затем, до размера незрелых плодов баиля. Затем до размера спелых плодов баиля. И когда они выросли до размера спелых плодов баиля, они вскрылись, извергая кровь и гной.",
  "an10.89:4.4": "И тогда он просто лёг на пальмовые листья, точно рыба, проглотившая отраву.",
  "an10.89:5.1": "И тогда независимый брахма Туду подошёл к монаху Кокалике, встал в воздухе и сказал ему:",
  "an10.89:5.2": "“Утверди доверие к Сарипутте и Моггаллане, Кокалика.",
  "an10.89:5.3": "Сарипутта и Моггаллана обладают благим поведением”.",
  "an10.89:5.4": "“Кто ты, друг?”",
  "an10.89:5.5": "“Я независимый брахма Туду”.",
  "an10.89:5.6": "“Не тебя ли Благословенный объявил не-возвращающимся, друг? Тогда почему же ты вернулся сюда?",
  "an10.89:5.7": "Посмотри, какой большой проступок ты совершил”.",
  "an10.89:6.1": "Тогда паччекабрахма Туду произнес монаху Кокалике строфы:",
  "an10.89:7.1": "“Когда происходит чьё-либо рождение,",
  "an10.89:7.2": "Во рту зарождается также топор,",
  "an10.89:7.3": "Которым глупец разрубает себя,",
  "an10.89:7.4": "Когда клевету он разносит вокруг.",
  "an10.89:8.1": "А если возносит он восхваления",
  "an10.89:8.2": "Тому, кто достоин одних порицаний, Иль, может, напротив, он тех осуждает, Достоин кто всяческой похвалы,",
  "an10.89:8.3": "То ртом он своим собирает несчастье,",
  "an10.89:8.4": "И этим он счастья себе не находит.",
  "an10.89:9.1": "Всего лишь один неудачный бросок",
  "an10.89:9.2": "К потере ведёт, когда в кости играешь,",
  "an10.89:9.3": "[И может] к потере всего привести, Включая того, кто бросок совершил.",
  "an10.89:9.4": "Но хуже куда тот бросок неудачный,",
  "an10.89:9.5": "Когда ты к счастливому злобу питаешь.",
  "an10.89:10.1": "В течение аж нираббуд сотни тысяч,",
  "an10.89:10.2": "Ещё тридцать шесть, и ещё пять аббуд,",
  "an10.89:10.3": "В аду проведёт клеветник на достойных,",
  "an10.89:10.4": "Настроив свой ум и слова против них”.",
  "an10.89:11.1": "И затем монах Кокалика скончался из-за этой болезни,",
  "an10.89:11.2": "и, поскольку он питал враждебность к Сарипутте и Моггаллане, после смерти он переродился в аду Падумы.",
  "an10.89:12.1": "И когда наступила глубокая ночь, Брахма Сахампати, [обладающий] поразительной красотой, освещая всю рощу Джеты, подошёл к Благословенному, поклонился ему, встал рядом и сказал ему:",
  "an10.89:12.2": "“Почтенный, монах Кокалика скончался,",
  "an10.89:12.3": "и, поскольку он питал враждебность к Сарипутте и Моггаллане, после смерти он переродился в аду Падумы”.",
  "an10.89:12.4": "Так сказал Брахма Сахампати.",
  "an10.89:12.5": "Сказав так, он поклонился Благословенному и, обойдя его с правой стороны, исчез.",
  "an10.89:13.1": "И когда минула ночь, Благословенный обратился к монахам так:",
  "an10.89:13.2": "“Монахи, прошлой ночью, когда наступила глубокая ночь, Брахма Сахампати подошёл ко мне и сказал:",
  "an10.89:13.3": "“Почтенный, монах Кокалика скончался,",
  "an10.89:13.4": "и, поскольку он питал враждебность к Сарипутте и Моггаллане, после смерти он переродился в аду Падумы”.",
  "an10.89:13.5": "Сказав так,",
  "an10.89:13.6": "он поклонился мне и, обойдя меня с правой стороны, исчез”.",
  "an10.89:14.1": "Когда так было сказано, один монах сказал Благословенному:",
  "an10.89:14.2": "“Почтенный, какой длины жизненный срок в аду Падумы?”",
  "an10.89:14.3": "“Монах, жизненный срок в аду Падумы долог.",
  "an10.89:14.4": "Непросто подсчитать это и сказать,",
  "an10.89:14.5": "что он [длится] столько-то лет, столько-то сотен лет, столько-то тысяч лет или столько-то сотен тысяч лет”.",
  "an10.89:15.1": "“Но можно ли привести пример, почтенный?”",
  "an10.89:15.2": "“Можно, монах.",
  "an10.89:15.3": "Представь, монах, косальскую повозку, что нагружена двадцатью мерами горчичных зерён. В конце каждого столетия приходил бы человек и брал оттуда одно зёрнышко.",
  "an10.89:15.4": "Благодаря этим усилиям та косальская повозка с двадцатью мерами горчичных зерён опустела бы и истощилась куда быстрее, чем Минул бы один ад Аббуды.",
  "an10.89:15.5": "Двадцать адов Аббуды равноценны одному аду Нираббуды.",
  "an10.89:15.6": "Двадцать адов Нираббуды равноценны одному аду Абабы.",
  "an10.89:15.7": "Двадцать адов Абабы равноценны одному аду Ататы.",
  "an10.89:15.8": "Двадцать адов Ататы равноценны одному аду Ахахи.",
  "an10.89:15.9": "Двадцать адов Ахахи равноценны одному аду Кумуды.",
  "an10.89:15.10": "Двадцать адов Кумуды равноценны одному аду Согандхике.",
  "an10.89:15.11": "Двадцать адов Согандхики равноценны одному аду Уппалы.",
  "an10.89:15.12": "Двадцать адов Уппалы равноценны одному аду Пундарике.",
  "an10.89:15.13": "Двадцать адов Пундарики равноценны одному аду Падумы.",
  "an10.89:15.14": "Монах, и вот монах Кокалика переродился в аду Падумы, поскольку питал враждебность к Сарипутте и Моггаллане”.",
  "an10.89:15.15": "Так сказал Благословенный.",
  "an10.89:15.16": "Сказав так, Счастливейший, Учитель, далее добавил:",
  "an10.89:16.1": "“Когда происходит чьё-либо рождение,",
  "an10.89:16.2": "Во рту зарождается также топор,",
  "an10.89:16.3": "Которым глупец разрубает себя,",
  "an10.89:16.4": "Когда клевету он разносит вокруг.",
  "an10.89:17.1": "А если возносит он восхваления тому, кто достоин одних порицаний,",
  "an10.89:17.2": "Иль, может, напротив, он тех осуждает, достоин кто всяческой похвалы,",
  "an10.89:17.3": "То ртом неудачный бросок совершает,",
  "an10.89:17.4": "И этим он счастья себе не находит.",
  "an10.89:18.1": "Всего лишь один неудачный бросок к потере ведёт, когда в кости играешь,",
  "an10.89:18.2": "[И может] к потере всего привести,",
  "an10.89:18.3": "Включая того, кто бросок совершил.",
  "an10.89:18.4": "Но хуже куда тот бросок неудачный,",
  "an10.89:18.5": "Когда ты к счастливому злобу питаешь.",
  "an10.89:19.1": "В течение аж нираббуд сотни тысяч,",
  "an10.89:19.2": "Ещё тридцать шесть, и ещё пять аббуд,",
  "an10.89:19.3": "В аду проведёт клеветник на достойных,",
  "an10.89:19.4": "Настроив свой ум и слова против них”.",
  "an10.89:19.5": "Девятая."
}