{
  "an10.88:0.1": "Восходящие Наставления 10.88",
  "an10.88:0.2": "Глава Тхера",
  "an10.88:0.3": "Сутта Тот, кто оскорбляет",
  "an10.88:1.1": "“Монахи, когда монах тот, кто оскорбляет и унижает своих товарищей-монахов, оскорбляет благородных, то не может быть такого, немыслимо, чтобы он не навлёк на себя хотя бы одну из этих десяти бед.",
  "an10.88:1.2": "Каких десяти?",
  "an10.88:1.3": "Он не достигает того, чего ещё не достиг; Он ниспадает от того, чего достиг; Его благие качества не совершенствуются; Он переоценивает свои благие качества; или Ведёт святую жизнь без удовлетворённости; или Совершает порочный проступок; или Приобретает серьёзную болезнь; или Сходит с ума и впадает в умопомешательство; или Умирает [со] спутанным [умом]; или С распадом тела, после смерти, он перерождается в состоянии лишений, в плохом уделе, в нижних мирах, в аду.",
  "an10.88:1.4": "Монахи, когда монах тот, кто оскорбляет и унижает своих товарищей-монахов, оскорбляет благородных, то не может быть такого, немыслимо, чтобы он не навлёк на себя хотя бы одну из этих десяти бед”.",
  "an10.88:1.5": "Восьмая."
}