{
  "an10.174:0.1": "Восходящие Наставления 10.174",
  "an10.174:0.2": "Глава Джануссони",
  "an10.174:0.3": "Сутта Причины Деятельности",
  "an10.174:1.1": "“Монахи, уничтожение жизни, я говорю вам, трояко:",
  "an10.174:1.2": "вызванное жаждой, вызванное злобой, вызванное заблуждением.",
  "an10.174:2.1": "Взятие того, что не было дано, я говорю вам, также трояко:",
  "an10.174:2.2": "вызванное жаждой, вызванное злобой, вызванное заблуждением.",
  "an10.174:3.1": "Неблагое сексуальное поведение, я говорю вам, также трояко:",
  "an10.174:3.2": "вызванное жаждой, вызванное злобой, вызванное заблуждением.",
  "an10.174:4.1": "Ложь, я говорю вам, также трояка:",
  "an10.174:4.2": "вызванная жаждой, вызванная злобой, вызванная заблуждением.",
  "an10.174:5.1": "Сеющая распри речь, я говорю вам, также трояка: вызванная жаждой,",
  "an10.174:5.2": "вызванная злобой, вызванная заблуждением.",
  "an10.174:6.1": "Грубая речь, я говорю вам, также трояка:",
  "an10.174:6.2": "вызванная жаждой, вызванная злобой, вызванная заблуждением.",
  "an10.174:7.1": "Пустая болтовня, я говорю вам, также трояка:",
  "an10.174:7.2": "вызванная жаждой, вызванная злобой, вызванная заблуждением.",
  "an10.174:8.1": "Жажда, я говорю вам, также трояка:",
  "an10.174:8.2": "вызванная жаждой, вызванная злобой, вызванная заблуждением.",
  "an10.174:9.1": "Недоброжелательность, я говорю вам, также трояка:",
  "an10.174:9.2": "вызванная жаждой, вызванная злобой, вызванная заблуждением.",
  "an10.174:10.1": "Неправильное воззрение, я говорю вам, также трояко:",
  "an10.174:10.2": "вызванное жаждой, вызванное злобой, вызванное заблуждением.",
  "an10.174:10.3": "Таким образом, монахи, жажда – это источник и происхождение деятельности. Злоба – это источник и происхождение деятельности. Заблуждение – это источник и происхождение деятельности.",
  "an10.174:10.4": "С уничтожением жажды источник деятельности угас. С уничтожением злобы источник деятельности угас. С уничтожением заблуждения источник деятельности угас”.",
  "an10.174:10.5": "Восьмая."
}