{
 "an10.16:0.1": "Восходящие Наставления 10.16",
 "an10.16:0.2": "Глава Натха",
 "an10.16:0.3": "Сутта Достойный даров",
 "an10.16:1.1": "“Монахи, эти десять личностей достойны даров, достойны гостеприимства, достойны подношений, достойны почтительного приветствия, непревзойдённое поле заслуг для мира.",
 "an10.16:1.2": "Какие десять?",
 "an10.16:1.3": "Татхагата, Арахант, Полностью Просветлённый, Паччека-будда, Освобождённый в обоих отношениях, Освобождённый мудростью, Засвидетельствовавший телом, Достигший воззрения, Освобождённый верой, Идущий-за-счёт-Дхаммы, Идущий-за-счёт-веры, Представитель клана.",
 "an10.16:1.4": "Монахи, эти десять личностей достойны даров… непревзойдённое поле заслуг для мира”.",
 "an10.16:1.5": "Шестая."
}