{
  "an10.267-746:0.1": "Восходящие Наставления 10.267-746",
  "an10.267-746:0.2": "Сокращение Страсть",
  "an10.267-746:0.3": "",
  "an10.267-746:1.1": "Злобы…",
  "an10.267-746:1.2": "заблуждения…",
  "an10.267-746:1.3": "ворчания…",
  "an10.267-746:1.4": "жестокости…",
  "an10.267-746:1.5": "умаления…",
  "an10.267-746:1.6": "завистливого соперничества…",
  "an10.267-746:1.7": "ревности…",
  "an10.267-746:1.8": "жадности…",
  "an10.267-746:1.9": "притворства…",
  "an10.267-746:1.10": "хитрости…",
  "an10.267-746:1.11": "упрямства…",
  "an10.267-746:1.12": "агрессии…",
  "an10.267-746:1.13": "самомнения…",
  "an10.267-746:1.14": "завышенной самооценки…",
  "an10.267-746:1.15": "опьянения",
  "an10.267-746:1.16": "беспечности полного понимания…",
  "an10.267-746:1.17": "исчерпывания…",
  "an10.267-746:1.18": "покидания…",
  "an10.267-746:1.19": "исчерпания…",
  "an10.267-746:1.20": "исчезновения…",
  "an10.267-746:1.21": "бесстрастия…",
  "an10.267-746:1.22": "истечения…",
  "an10.267-746:1.23": "отказа…",
  "an10.267-746:1.24": "отдаления…",
  "an10.267-746:1.25": "эти десять явлений должны быть развиты.",
  "an10.267-746:1.26": "Сокращение Страсть Закончено.",
  "an10.267-746:1.27": "Пятая Пятидесятка Завершена.",
  "an10.267-746:1.28": "Собрание Десяток Закончено."
}