{
 "an10.212:0.1": "Восходящие Наставления 10.212",
 "an10.212:0.2": "Глава Караджакайя",
 "an10.212:0.3": "Сутта Ад Вторая",
 "an10.212:1.1": "“Монахи, обладая десятью качествами, [после смерти] некий человек оказывается в аду, как если бы его туда затянули [силой].",
 "an10.212:1.2": "Какими десятью?",
 "an10.212:1.3": "Он уничтожает жизнь. Он жесток, кровожаден, предаётся насилию и побоям, беспощаден к живым существам.",
 "an10.212:2.1": "Он берёт то, что не было дано…",
 "an10.212:2.2": "Он пускается в неблагое сексуальное поведение…",
 "an10.212:2.3": "Он говорит неправду…",
 "an10.212:2.4": "Своими словами он сеет распри…",
 "an10.212:2.5": "Он говорит грубо…",
 "an10.212:2.6": "Он пускается в пустую болтовню…",
 "an10.212:2.7": "Он полон жажды…",
 "an10.212:2.8": "У него недоброжелательный…",
 "an10.212:2.9": "Он придерживается неправильного воззрения и неправильной точки зрения:",
 "an10.212:2.10": "“Нет ничего, что дано…",
 "an10.212:2.11": "что познали и засвидетельствовали самостоятельно этот мир и следующий”.",
 "an10.212:2.12": "Обладая этими десятью качествами, [после смерти] некий человек оказывается в аду, как если бы его туда затянули [силой].",
 "an10.212:3.1": "Обладая десятью качествами, [после смерти] некий человек оказывается в небесном мире, как если бы его туда затянули [силой].",
 "an10.212:3.2": "Какими десятью?",
 "an10.212:3.3": "Отбрасывая убийство, он воздерживается от уничтожения жизни. Он живёт без дубины, без оружия, добросовестный, милосердный, желающий блага всем живым существам.",
 "an10.212:4.1": "Отбрасывая взятие того, что не дано…",
 "an10.212:4.2": "Отбрасывая неблагое сексуальное поведение, он воздерживается от неблагого сексуального поведения…",
 "an10.212:4.3": "Отбрасывая лживую речь, он воздерживается от лживой речи…",
 "an10.212:4.4": "Отбрасывая речь, сеющую распри, он воздерживается от речи, сеющей распри…",
 "an10.212:4.5": "Отбрасывая грубую речь, он воздерживается от грубой речи…",
 "an10.212:4.6": "Отбрасывая пустую болтовню, он воздерживается от пустой болтовни…",
 "an10.212:4.7": "Он не имеет жажды…",
 "an10.212:4.8": "У него доброжелательный ум…",
 "an10.212:4.9": "Он придерживается правильного воззрения и правильной точки зрения:",
 "an10.212:4.10": "“Есть то, что дано… провозглашают, что познали и засвидетельствовали самостоятельно этот мир и следующий”.",
 "an10.212:4.11": "Обладая этими десятью качествами, [после смерти] некий человек оказывается в небесном мире, как если бы его туда затянули [силой]”.",
 "an10.212:4.12": "Вторая."
}