{
  "an10.50:0.1": "Восходящие Наставления 10.50",
  "an10.50:0.2": "Глава Аккоса",
  "an10.50:0.3": "Сутта Полемика",
  "an10.50:1.1": "Однажды Благословенный пребывал в Саваттхи в роще Джеты в монастыре Анатхапиндики.",
  "an10.50:1.2": "И тогда, после приёма пищи, возвратившись с хождения за подаяниями, группа монахов собралась в зале для собраний. И, по мере того, как они сидели там, они начали спорить и ссориться, полемизировать, пронзая друг друга острыми словами.",
  "an10.50:2.1": "И тогда, вечером, Благословенный вышел из затворничества и отправился в зал для собраний, где сел на подготовленное сиденье.",
  "an10.50:2.2": "Затем Благословенный обратился к монахам:",
  "an10.50:2.3": "“Монахи, в какое обсуждение вы были вовлечены только что, по мере того как сидели здесь? О чём шла беседа?”",
  "an10.50:3.1": "“Почтенный, после приёма пищи, возвратившись с хождения за подаяниями, мы собрались в зале для собраний. И, по мере того как мы сидели здесь, мы начали спорить и ссориться, полемизировать, пронзая друг друга острыми словами”.",
  "an10.50:3.2": "“Монахи, не подобает вам, ушедшим благодаря вере из мирской жизни в жизнь бездомную, спорить, ссориться, полемизировать, пронзая друг друга острыми словами.",
  "an10.50:4.1": "Монахи, существуют десять принципов радушия, что создают близость и уважение, ведут к схождению, к не-разногласиям, к гармонии, к единству.",
  "an10.50:4.2": "Какие десять?",
  "an10.50:4.3": "Вот монах нравственен. Он пребывает, обуздывая себя Патимоккхой, обладая хорошим поведением и [подобающими] средствами, видя опасность в мельчайших проступках. Возложив на себя правила тренировки, он тренируется в них.",
  "an10.50:4.4": "Поскольку монах нравственен, пребывает, обуздывая себя Патимоккхой…",
  "an10.50:4.5": "тренируется в них, то это является принципом, радушия, что создаёт близость и уважение, ведёт к схождению, к не-разногласиям, к гармонии, к единству.",
  "an10.50:5.1": "Далее, монах много изучал, помнит то, что учил, накапливает [в своём уме] то, что он изучил. Те учения, что прекрасны в начале, прекрасны в середине и прекрасны в конце, правильны и в духе и в букве, провозглашающие идеально полную и чистую святую жизнь – таких учений он много изучал, удерживал в уме, повторял вслух [по памяти], исследовал их в уме и тщательно проникал в них воззрением.",
  "an10.50:5.2": "Поскольку монах много изучал… проникал в них воззрением, то это является принципом, радушия…",
  "an10.50:5.3": "к единству.",
  "an10.50:6.1": "Далее, у монаха есть хорошие друзья, хорошие спутники, хорошие товарищи…",
  "an10.50:6.2": "",
  "an10.50:6.3": "",
  "an10.50:7.1": "Далее, монаха легко поправить, и он обладает качеством, благодаря которому его легко поправить. Он терпелив и с уважением получает наставление…",
  "an10.50:7.2": "",
  "an10.50:7.3": "",
  "an10.50:8.1": "Далее, монах умелый и прилежный в исполнении различных бытовых работ, которые следует делать для своих товарищей-монахов. Он судит об этих работах уже только после их выполнения, чтобы довести их до конца и выполнить их подобающим образом…",
  "an10.50:8.2": "",
  "an10.50:8.3": "",
  "an10.50:9.1": "Далее, монах любит Дхамму, одобряет [её] в своих утверждениях, наполнен великой радостью в отношении Дхаммы и Винаи…",
  "an10.50:9.2": "",
  "an10.50:9.3": "",
  "an10.50:10.1": "Далее, монах зарождает усердие к отбрасыванию неблагих качеств и к обретению благих качеств. Он решителен, упорен в своём старании, не оставляет обязанности по взращиванию благих качеств [в себе]….",
  "an10.50:10.2": "",
  "an10.50:10.3": "",
  "an10.50:11.1": "Далее, монах довольствуется любым видом одеяния, еды, жилища, лекарств и обеспечения для больных [монахов]…",
  "an10.50:11.2": "",
  "an10.50:11.3": "",
  "an10.50:12.1": "Далее, монах осознан, наделён высочайшей осознанностью и настороженностью, хранит в памяти и помнит то, что было сделано и сказано давным-давно…",
  "an10.50:12.2": "",
  "an10.50:12.3": "",
  "an10.50:13.1": "Далее, монах мудр. Он обладает мудростью, которая различает происхождение и исчезновение – благородной, проницательной, ведущей к полному уничтожению страданий. Поскольку монах мудр…",
  "an10.50:13.2": "то это является принципом радушия, что создаёт близость и уважение, ведёт к схождению, к не-разногласиям, к гармонии, к единству.",
  "an10.50:13.3": "",
  "an10.50:14.1": "Таковы, монахи, десять принципов радушия, что создают близость и уважение, ведут к схождению, к не-разногласиям, к гармонии, к единству”.",
  "an10.50:14.2": "Десятая.",
  "an10.50:14.3": "Глава Аккоса Пятая.",
  "an10.50:15.0": "Оглавление",
  "an10.50:15.1": "",
  "an10.50:15.2": "",
  "an10.50:15.3": "",
  "an10.50:15.4": "",
  "an10.50:15.5": ""
}