{
  "an10.46:0.1": "Восходящие Наставления 10.1.5.6 ",
  "an10.46:0.2": "5. Глава Аккоса ",
  "an10.46:0.3": "Сакка Сутта ",
  "an10.46:1.1": "Однажды Благословенный располагается среди Сакьев в Капилаватху в Баньяновом Парке. ",
  "an10.46:1.2": "Тогда же множество мирских последователей Сакьев, в ту упосатху подошли к Благословенному; подойдя, поприветствовав Благословенного, они сели с одной стороны. С одной стороны севшим же Сакьям мирским последователям Благословенный сказал так: ",
  "an10.46:1.3": "“Вы, Сакьи, проводите ли восьмичастную упосатху”? ",
  "an10.46:1.4": "“Иногда мы, почтенный, проводим восьмичастную упосатху, иногда не проводим”. ",
  "an10.46:1.5": "“Это ваша, Сакьи, потеря это неудача, что вы так в жизни с опасностью страдания, в жизни с опасностью смерти иногда проводите восьмичастную упосатху, иногда не проводите. ",
  "an10.46:2.1": "Как вы думаете, Сакьи, ",
  "an10.46:2.2": "вот человек каким-либо трудом не предосудительным и неумелым за день заработал бы пол кахапаны. ",
  "an10.46:2.3": "Можно сказать, что человек способный предприимчивый”? ",
  "an10.46:2.4": "“Так, почтенный”. ",
  "an10.46:3.1": "“Как вы думаете, Сакьи, ",
  "an10.46:3.2": "вот человек каким-либо трудом не предосудительным и неумелым за день заработал бы кахапану. ",
  "an10.46:3.3": "Можно сказать, что человек способный предприимчивый”? ",
  "an10.46:3.4": "“Так, почтенный”. ",
  "an10.46:4.1": "“Как вы думаете, Сакьи, ",
  "an10.46:4.2": "вот человек каким-либо трудом не предосудительным и неумелым за день заработал бы две кахапаны … ",
  "an10.46:4.3": "заработал бы три кахапаны … ",
  "an10.46:4.4": "заработал бы четыре кахапаны … ",
  "an10.46:4.5": "заработал бы пять кахапан … ",
  "an10.46:4.6": "заработал бы шесть кахапан … ",
  "an10.46:4.7": "заработал бы семь кахапан … ",
  "an10.46:4.8": "заработал бы восемь кахапан … ",
  "an10.46:4.9": "заработал бы девять кахапан … ",
  "an10.46:4.10": "заработал бы десять кахапан … ",
  "an10.46:4.11": "заработал бы двадцать кахапан … ",
  "an10.46:4.12": "заработал бы тридцать кахапан … ",
  "an10.46:4.13": "заработал бы сорок кахапан … ",
  "an10.46:4.14": "заработал бы пятьдесят кахапан … ",
  "an10.46:4.15": "заработал бы сотню кахапан. ",
  "an10.46:4.16": "Можно сказать, что человек способный предприимчивый”? ",
  "an10.46:4.17": "“Так, почтенный”. ",
  "an10.46:5.1": "“Как вы думаете, Сакьи, ",
  "an10.46:5.2": "и вот тот человек день за днём сотню кахапан, тысячу кахапан зарабатывая откладывая и откладывая при сроке жизни в сто лет, живущий сто лет пришел бы к большому скоплению богатства?” ",
  "an10.46:5.3": "“Так, почтенный”. ",
  "an10.46:6.1": "“Как вы думаете, Сакьи, ",
  "an10.46:6.2": "смог бы тот человек по причине богатства, на основе богатства, по средствам богатства одну ночь и один день или же полночи и полдня пребывать чувствующим только приятное?” ",
  "an10.46:6.3": "“Это не так, почтенный”. ",
  "an10.46:6.4": "“Какова причина этого?” ",
  "an10.46:6.5": "“Страсти-желания, почтенный, ненадежны, пусты, ложны, замутненные явления”. ",
  "an10.46:7.1": "“Вот, Сакьи, мой последователь десять лет небеспечно, пылко, решительно пребывающий, как я обучал, так практикующий, ту же сотню лет и ту же сотню сотен лет и ту же сотню тысяч лет может пребывать чувствующим только приятное. ",
  "an10.46:7.2": "И он Единожды Возвращающийся, либо Невозвращающийся, либо гарантированно Услышавший. ",
  "an10.46:7.3": "Оставьте, Сакьи, десять лет. ",
  "an10.46:8.1": "Вот мой последователь девять лет… ",
  "an10.46:8.2": "восемь лет … ",
  "an10.46:8.3": "семь лет … ",
  "an10.46:8.4": "шесть лет … ",
  "an10.46:8.5": "пять лет … ",
  "an10.46:8.6": "четыре года … ",
  "an10.46:8.7": "три года … ",
  "an10.46:8.8": "два года … ",
  "an10.46:8.9": "один год небеспечно, пылко, решительно пребывающий, как я обучал, так практикующий, ту же сотню лет И ту же сотню сотен лет И ту же сотню тысяч лет может пребывать чувствующим только приятное. И он Единожды Возвращающийся, либо Невозвращающийся, либо гарантированно Услышавший. ",
  "an10.46:8.10": "Оставьте, Сакьи, один год. ",
  "an10.46:9.1": "Вот, Сакьи, мой последователь десять месяцев небеспечно, пылко, решительно пребывающий, как я обучал, так практикующий, ту же сотню лет и ту же сотню сотен лет и ту же сотню тысяч лет может пребывать чувствующим только приятное. и он Единожды Возвращающийся, либо Невозвращающийся, либо гарантированно Услышавший. ",
  "an10.46:9.2": "Оставьте, Сакьи, десять месяцев. ",
  "an10.46:10.1": "Вот мой последователь девять месяцев … ",
  "an10.46:10.2": "восемь месяцев … ",
  "an10.46:10.3": "семь месяцев … ",
  "an10.46:10.4": "шесть месяцев … ",
  "an10.46:10.5": "пять месяцев … ",
  "an10.46:10.6": "четыре месяца … ",
  "an10.46:10.7": "три месяца … ",
  "an10.46:10.8": "два месяца … ",
  "an10.46:10.9": "один месяц … ",
  "an10.46:10.10": "полмесяца небеспечно, пылко, решительно пребывающий, как я обучал, так практикующий, ту же сотню лет и ту же сотню сотен лет и ту же сотню тысяч лет может пребывать чувствующим только приятное. и он Единожды Возвращающийся, либо Невозвращающийся, либо гарантированно Услышавший. ",
  "an10.46:10.11": "Оставьте, Сакьи, полмесяца. ",
  "an10.46:11.1": "Вот мой последователь десять ночей и дней небеспечно, пылко, решительно пребывающий, как я обучал, так практикующий, ту же сотню лет и ту же сотню сотен лет и ту же сотню тысяч лет может пребывать чувствующим только приятное, и он Единожды Возвращающийся, либо Невозвращающийся, либо гарантированно Услышавший. ",
  "an10.46:11.2": "Оставьте, Сакьи, десять ночей и дней. ",
  "an10.46:12.1": "Вот мой последователь девять ночей и дней … ",
  "an10.46:12.2": "восемь ночей и дней … ",
  "an10.46:12.3": "семь ночей и дней … ",
  "an10.46:12.4": "шесть ночей и дней … ",
  "an10.46:12.5": "пять ночей и дней … ",
  "an10.46:12.6": "четыре ночи и дня … ",
  "an10.46:12.7": "три ночи и дня … ",
  "an10.46:12.8": "две ночи и дня … ",
  "an10.46:12.9": "одну ночь и день небеспечно, пылко, решительно пребывающий, как я обучал, так практикующий, ту же сотню лет и ту же сотню сотен лет и ту же сотню тысяч лет может пребывать чувствующим только приятное, и он Единожды Возвращающийся, либо Невозвращающийся, либо гарантированно Услышавший. ",
  "an10.46:12.10": "Это ваша, Сакьи, потеря это неудача, что вы так в жизни с опасностью страдания, в жизни с опасностью смерти иногда проводите восьмичастную упосатху, иногда не проводите. ",
  "an10.46:12.11": "Мы, почтенный, отныне будем проводить восьмичастную упосатху. ",
  "an10.46:12.12": "Шестая. "
}