{
  "an10.65:0.1": "Восходящие Наставления 10.65",
  "an10.65:0.2": "Глава Ямака",
  "an10.65:0.3": "Сутта Приятное Первая",
  "an10.65:1.1": "Однажды Достопочтенный Сарипутта пребывал в стране Магадхов возле Налакагамаки.",
  "an10.65:1.2": "И тогда странник Самандакани подошёл к Достопочтенному Сарипутте и обменялся с ним вежливыми приветствиями.",
  "an10.65:1.3": "После обмена вежливыми приветствиями он сел рядом и сказал Достопочтенному Сарипутте:",
  "an10.65:2.1": "“Друг Сарипутта, что такое приятное (комфорт)? Что такое боль (дискомфорт)?”",
  "an10.65:2.2": "“Перерождение, друг – это боль. Отсутствие перерождения – это приятное.",
  "an10.65:2.3": "Когда есть перерождение, то можно ожидать этих болей (дискомфортов):",
  "an10.65:2.4": "Холода, жары, голода, жажды, испражнения, мочеиспускания; боли от огня, от [побития] палками, от [ударов] ножами; и [можно ожидать, что] родственники и друзья сговорятся и станут бранить тебя.",
  "an10.65:2.5": "Когда есть перерождение, то можно ожидать этих болей.",
  "an10.65:2.6": "Когда нет перерождения, то можно ожидать этого приятного:",
  "an10.65:2.7": "нет холода, нет жары, нет голода, нет жажды, нет испражнения, нет мочеиспускания; нет боли от огня, нет [боли от побития] палками, нет [боли от ударов] ножами; и [можно ожидать, что] родственники и друзья не сговорятся и не станут бранить тебя.",
  "an10.65:2.8": "Когда нет перерождения, то можно ожидать этого приятного”.",
  "an10.65:2.9": "Пятая."
}