{
  "an10.105:0.1": "Восходящие Наставления 10.105",
  "an10.105:0.2": "Глава Саманасаннья",
  "an10.105:0.3": "Сутта Истинное знание",
  "an10.105:1.1": "“Монахи, невежество, сопровождаемое бесстыдством и безбоязненностью совершить проступок, является предтечей вхождения в неблагие состояния [ума].",
  "an10.105:1.2": "У глупца, погружённого в невежество, возникает неправильное воззрение. У того, у кого имеется неправильное воззрение, возникает неправильное устремление. У того, у кого имеется неправильное устремление, возникает неправильная речь. У того, у кого имеется неправильная речь, возникают неправильные действия. У того, у кого имеются неправильные действия, возникают неправильные средства к жизни. У того, у кого имеются неправильные средства к жизни, возникает неправильное усилие. У того, у кого имеется неправильное усилие, возникает неправильная осознанность. У того, у кого имеется неправильная осознанность, возникает неправильное сосредоточение. У того, у кого имеется неправильное сосредоточение, возникает неправильное знание. У того, у кого имеется неправильное знание, возникает неправильное освобождение.",
  "an10.105:2.1": "Монахи, истинное знание, сопровождаемое чувством стыда и боязнью совершить проступок, является предтечей вхождения в благие состояния [ума].",
  "an10.105:2.2": "У мудреца, дошедшего до истинного знания, возникает правильное воззрение. У того, у кого имеется правильное воззрение, возникает правильное устремление… правильная речь… правильные действия… правильные средства к жизни… правильное усилие… правильная осознанность… правильное сосредоточение… правильное знание… правильное освобождение”.",
  "an10.105:2.3": "Пятая."
}