{
  "an10.109:0.1": "Восходящие Наставления 10.109",
  "an10.109:0.2": "Глава Саманасаннья",
  "an10.109:0.3": "Сутта Рвотное",
  "an10.109:1.1": "“Монахи, врачи назначают рвотное для устранения болезней, возникающих из-за желчи, слизи и ветра.",
  "an10.109:1.2": "Есть такое рвотное, монахи, я не отрицаю этого.",
  "an10.109:1.3": "Но, всё же, иногда это рвотное срабатывает, а иногда подводит.",
  "an10.109:2.1": "Однако, монахи, я научу вас благородному рвотному, которое всегда срабатывает и никогда не подводит. В зависимости от этого рвотного существа, подверженные рождению, освобождаются от рождения. Существа, подверженные старости, освобождаются от старости. Существа, подверженные смерти, освобождаются от смерти. Существа, подверженные печали, стенанию, боли, унынию и мучению, освобождаются от печали, стенания, боли, уныния и мучений.",
  "an10.109:2.2": "Слушайте внимательно. Я буду говорить”.",
  "an10.109:3.1": "“Да, почтенный” – ответили те монахи.",
  "an10.109:4.1": "Благословенный сказал:",
  "an10.109:4.2": "“И каково, монахи, благородное рвотное, которое всегда срабатывает и никогда не подводит?",
  "an10.109:4.3": "У того, у кого имеются правильные воззрения, неправильные воззрения счищаются,",
  "an10.109:5.1": "а также многочисленные неблагие качества, возникающие с неправильным воззрением как причиной, также счищаются;",
  "an10.109:5.2": "а имея правильные воззрения причиной, многочисленные благие качества достигают осуществления посредством развития.",
  "an10.109:5.3": "У того, у кого имеется правильное устремление, неправильное устремление счищается…",
  "an10.109:5.4": "У того, у кого имеется правильная речь, неправильная речь счищается…",
  "an10.109:5.5": "У того, у кого имеются правильные действия, неправильные действия счищаются…",
  "an10.109:5.6": "У того, у кого имеются правильные средства к жизни, неправильные средства к жизни счищаются…",
  "an10.109:5.7": "У того, у кого имеется правильное усилие, неправильное усилие счищается…",
  "an10.109:5.8": "У того, у кого имеется правильная осознанность, неправильная осознанность счищается…",
  "an10.109:6.1": "У того, у кого имеется правильное сосредоточение, неправильное сосредоточение счищается…",
  "an10.109:6.2": "У того, у кого имеется правильное знание, неправильное знание счищается…",
  "an10.109:6.3": "У того, у кого имеется правильное освобождение, неправильное освобождение счищается,",
  "an10.109:6.4": "а также многочисленные неблагие качества, возникающие с неправильным освобождением как причиной, также счищаются;",
  "an10.109:6.5": "Девятая."
}