{
 "an10.156-166:0.1": "Восходящие Наставления 10.156-166",
 "an10.156-166:0.2": "Глава Пуггала",
 "an10.156-166:0.3": "Сутты начинающиеся с Стоит Обращаться",
 "an10.156-166:1.1": "“Монахи, не стоит обращаться [за советом] к тому, кто наделён этими десятью качествами…",
 "an10.156-166:1.2": "стоит обращаться…",
 "an10.156-166:1.3": "не стоит прислуживать…",
 "an10.156-166:1.4": "стоит прислуживать…",
 "an10.156-166:1.5": "не стоит уважать…",
 "an10.156-166:1.6": "стоит уважать…",
 "an10.156-166:1.7": "не стоит восхвалять…",
 "an10.156-166:1.8": "стоит восхвалять…",
 "an10.156-166:1.9": "не стоит чтить…",
 "an10.156-166:1.10": "стоит чтить…",
 "an10.156-166:1.11": "не стоит выказывать почтение…",
 "an10.156-166:1.12": "стоит выказывать почтение…",
 "an10.156-166:1.13": "не является успешным…",
 "an10.156-166:1.14": "является успешным…",
 "an10.156-166:1.15": "не очищен…",
 "an10.156-166:1.16": "очищен…",
 "an10.156-166:1.17": "не преодолевает самомнение…",
 "an10.156-166:1.18": "преодолевает самомнение…",
 "an10.156-166:1.19": "не возрастает в понимании",
 "an10.156-166:1.20": "возрастает в понимании",
 "an10.156-166:2.1": "порождает много плохого…",
 "an10.156-166:2.2": "порождает много заслуг…",
 "an10.156-166:2.3": "Какими десятью?",
 "an10.156-166:2.4": "Является тем у кого правильный взгляд, правильное намерение-заготовка, правильная речь, правильные действия, правильные быт, правильное старание, правильное памятование, правильное объединение опыта, правильное знание, правильное освобождение.",
 "an10.156-166:2.5": "Этими, Монахи, десятью качествами, наделённая личность порождает много заслуг.",
 "an10.156-166:2.6": "Глава Пуггала Первая."
}