{
  "an10.171:0.1": "Восходящие Наставления 10.171",
  "an10.171:0.2": "Глава Джануссони",
  "an10.171:0.3": "Сутта Не-Дхамма Первая",
  "an10.171:1.1": "“Не-дхамму, монахи, нужно почувствовать и бесцельное;",
  "an10.171:1.2": "дхамму и цель.",
  "an10.171:1.3": "Не-дхамму узнав и бесцельное, Дхамму узнав и цель, соответственно Дхамме, соответственно цели нужно практиковать.",
  "an10.171:2.1": "И что такое, монахи, не-Дхамма и бесцельное?",
  "an10.171:2.2": "Уменьшение жизни; неданное даяние; ошибочное поведение в желаниях; ложное утверждение; рознящая речь; жёсткая речь; пустословие; алчность; враждебность; ошибочный взгляд.",
  "an10.171:2.3": "Это зовётся, монахи, не-Дхамма и бесцельное.",
  "an10.171:3.1": "И что такое, монахи, Дхамма и цель?",
  "an10.171:3.2": "Отвержение уменьшения жизни; отвержение неданного даяния; отвержение ошибоного поведения в желаниях; отвержение ложного утверждения; отвержение рознящей речи; отвержение грубой речи; отвержение пустословия, не-алчность, невраждебность, правильный взгляд.",
  "an10.171:3.3": "Это зовётся, монахи, Дхамма и цель.",
  "an10.171:4.1": "“Не-дхамму, монахи, нужно почувствовать и бесцельное;",
  "an10.171:4.2": "дхамму и цель.",
  "an10.171:4.3": "Не-дхамму узнав и бесцельное, Дхамму узнав и цель, соответственно Дхамме, соответственно цели нужно практиковать”,",
  "an10.171:4.4": "это об этом было сказано, и было сказано относительно этого.",
  "an10.171:4.5": "Пятая."
}