{
  "an10.31:0.1": "Восходящие Наставления 10.31",
  "an10.31:0.2": "Глава Упали ",
  "an10.31:0.3": "Сутта Упали ",
  "an10.31:1.1": "И тогда Достопочтенный Упали подошёл к Благословенному, поклонился ему, сел рядом и сказал ему: ",
  "an10.31:1.2": "“Почтенный, на скольких основаниях Татхагата предписал [соблюдение] правил [монашеской] тренировки для своих учеников и продекламировал Патимоккху?” ",
  "an10.31:2.1": "“Упали, на десяти основаниях Татхагата предписал [соблюдение] правил [монашеской] тренировки для своих учеников и продекламировал Патимоккху. ",
  "an10.31:2.2": "На каких десяти? ",
  "an10.31:2.3": "Ради благополучия Сангхи; Ради лёгкости [существования] Сангхи; Ради сдерживания непокорных личностей; Ради того, чтобы монахи с хорошим поведением могли пребывать в покое; Ради сдерживания загрязнений, присущих нынешней жизни; Ради рассеивания загрязнений, присущих будущим жизням; Ради того, чтобы те, у кого нет веры, обрели бы веру; Ради возрастания [веры] в тех, кто [уже] наделён верой; Ради продолжительности благой Дхаммы; Ради стимулирования дисциплины. ",
  "an10.31:2.4": "На этих десяти основаниях Татхагата предписал [соблюдение] правил [монашеской] тренировки для своих учеников и продекламировал Патимоккху”.",
  "an10.31:2.5": "Первая."
}