{
 "an10.146:0.1": "Восходящие Наставления 10.146",
 "an10.146:0.2": "Глава Ария",
 "an10.146:0.3": "Сутта Тёмный Путь",
 "an10.146:1.1": "Тёмный путь, монахи, явление объясню и светлый путь.",
 "an10.146:1.2": "Услышьте это…",
 "an10.146:1.3": "“И что такое, монахи, тёмный путь?",
 "an10.146:1.4": "Ошибочный взгляд… ошибочное освбождение—",
 "an10.146:1.5": "об этом говорится, монахи, тёмный путь.",
 "an10.146:1.6": "И что такое, монахи, светлый путь?",
 "an10.146:1.7": "Правильный взгляд… правильное освобождение—",
 "an10.146:1.8": "об этом говорится, монахи, светлый путь.",
 "an10.146:1.9": "Вторая."
}