{
 "an10.192:0.1": "Восходящие Наставления 10.192",
 "an10.192:0.2": "Глава Ариямагга",
 "an10.192:0.3": "Сутта Действительность Чистого Человека",
 "an10.192:1.1": "Действительность чистого человека (мужчины), монахи, объясню и действительность нечистого человека.",
 "an10.192:1.2": "Услышьте это…",
 "an10.192:1.3": "“И что такое, монахи, действительность нечистого человека?",
 "an10.192:1.4": "Уменьшение жизни…",
 "an10.192:1.5": "ошибочный взгляд—",
 "an10.192:1.6": "об этом говорится, монахи, действительность нечистого человека.",
 "an10.192:2.1": "И что такое, монахи, действительность чистого человека?",
 "an10.192:2.2": "отвергание уменьшения жизни…",
 "an10.192:2.3": "правильный взгляд—",
 "an10.192:2.4": "об этом говорится, монахи, действительность чистого человека.",
 "an10.192:2.5": "Четвёртая."
}