{
  "an10.56:0.1": "Восходящие Наставления 10.56",
  "an10.56:0.2": "Глава Сачитта ",
  "an10.56:0.3": "Сутта Восприятие Первая ",
  "an10.56:1.1": "“Монахи, эти десять восприятий, будучи развитыми и взращенными, приносят великий плод и пользу, завершаются в бессмертном и имеют бессмертное своим завершением. ",
  "an10.56:1.2": "Какие десять? ",
  "an10.56:1.3": "Восприятие непривлекательности; восприятие смерти; восприятие отвратительности еды; восприятие не-восхищения целым миром; восприятие непостоянства; восприятие страдательности в непостоянном; восприятие безличностности в страдательном; восприятие оставления; восприятие бесстрастия; восприятие прекращения. ",
  "an10.56:1.4": "Эти десять восприятий, будучи развитыми и взращенными, приносят великий плод и пользу, завершаются в бессмертном и имеют бессмертное своим завершением”.",
  "an10.56:1.5": "Шестая."
}