{
 "an10.68:0.1": "Восходящие Наставления 10.68",
 "an10.68:0.2": "Глава Ямака",
 "an10.68:0.3": "Сутта Налакапана Вторая",
 "an10.68:1.1": "Однажды Благословенный располагается в Налакапане, в роще Паласа.",
 "an10.68:1.2": "И тогда, в день Упосатхи, Благословенный сидел в окружении Сангхи монахов.",
 "an10.68:1.3": "Наставив, воодушевив, вдохновив и порадовав Сангху монахов беседой о Дхамме, [которую он произносил в течение] большей части ночи, Благословенный, обозрев абсолютно молчаливую Сангху монахов, обратился к Достопочтенному Сарипутте:",
 "an10.68:2.1": "“Сангха монахов лишена лени и апатии, Сарипутта.",
 "an10.68:2.2": "Поведай беседу о Дхамме монахам.",
 "an10.68:2.3": "Моя спина болит,",
 "an10.68:2.4": "я её расслаблю”.",
 "an10.68:2.5": "“Да, почтенный” – ответил Достопочтенный Сарипутта.",
 "an10.68:3.1": "И затем Благословенный, расстелив четырежды сложенное внешнее одеяние, лёг на правый бок, приняв позу льва, положив одну ступню на другую, осознанный и бдительный, отметив для себя, когда следует вставать.",
 "an10.68:3.2": "Тогда Достопочтенный Сарипутта обратился к монахам так:",
 "an10.68:3.3": "“Друзья монахи!”",
 "an10.68:3.4": "“Друг!” – ответили те монахи.",
 "an10.68:3.5": "Достопочтенный Сарипутта сказал:",
 "an10.68:4.1": "“Друзья, в том, кто не имеет веры в [развитие] благих качеств, не имеет чувства стыда [для развития] благих качеств,",
 "an10.68:4.2": "не боится совершения проступка…",
 "an10.68:4.3": "не имеет усилия…",
 "an10.68:4.4": "не имеет мудрости…",
 "an10.68:4.5": "не склоняющий ухо…",
 "an10.68:4.6": "не удерживающий Дхамму в уме…",
 "an10.68:4.7": "изучающий значение…",
 "an10.68:4.8": "не практикующий в соответствии с Дхаммой…",
 "an10.68:4.9": "Человек, не прилежный [в развитии] благих качеств: это, то, будь то день или ночь, в отношении него можно ожидать лишь ухудшения, а не возрастания в благих качествах.",
 "an10.68:4.10": "Подобно тому, как в течение периода убывающей луны, будь то день или ночь, луна пребывает в упадке своего цвета, округлости, сияния – как в диаметре, так и в окружности –",
 "an10.68:4.11": "точно также, в том, кто не имеет веры… не возрастания в благих качествах… Человек не имеет чувства стыда…",
 "an10.68:4.12": "не имеет боязни совершить проступок…",
 "an10.68:4.13": "ленивый…",
 "an10.68:4.14": "немудрый…",
 "an10.68:4.15": "не склоняющий ухо…",
 "an10.68:4.16": "не удерживающий Дхамму…",
 "an10.68:4.17": "не изучающий значение…",
 "an10.68:4.18": "не практикующий в соответствии с Дхаммой…",
 "an10.68:4.19": "Человек, не прилежный [в развитии] благих качеств: это, то, будь то день или ночь, в отношении него можно ожидать лишь ухудшения, а не возрастания в благих качествах.",
 "an10.68:5.1": "Друзья, в том, кто имеет веру… имеет чувство стыда…",
 "an10.68:5.2": "боится совершения проступка…",
 "an10.68:5.3": "старательный…",
 "an10.68:5.4": "имеет мудрость….",
 "an10.68:5.5": "Человек, склоняющий ухо: это – случай не-упадка.",
 "an10.68:5.6": "Человек, удерживающий Дхамму в уме: это – случай не-упадка.",
 "an10.68:5.7": "Человек, изучающий значение: это – случай не-упадка.",
 "an10.68:5.8": "Человек, практикующий в соответствии с Дхаммой: это – случай не-упадка.",
 "an10.68:5.9": "Человек, прилежный [в развитии] благих качеств: это, то, будь то день или ночь, в отношении него можно ожидать лишь возрастания, а не ухудшения в благих качествах.",
 "an10.68:5.10": "Подобно тому, как в течение периода возрастающей луны, будь то день или ночь, луна пребывает в росте своего цвета, округлости, сияния – как в диаметре, так и в окружности –",
 "an10.68:5.11": "точно также, в том, кто имеет веру…",
 "an10.68:5.12": "Человек, прилежный [в развитии] благих качеств: это, то, будь то день или ночь, в отношении него можно ожидать лишь возрастания, а не ухудшения в благих качествах.",
 "an10.68:6.1": "И тогда Благословенный поднялся и обратился к Достопочтенному Сарипутте:",
 "an10.68:6.2": "“Хорошо, хорошо, Сарипутта!",
 "an10.68:6.3": "Сарипутта, в том, кто не имеет веры в [развитие] благих качеств, не имеет чувства стыда…",
 "an10.68:6.4": "не боится совершения проступка…",
 "an10.68:6.5": "не имеет усилия…",
 "an10.68:6.6": "не имеет мудрости…",
 "an10.68:6.7": "не склоняющий ухо…",
 "an10.68:6.8": "не удерживающий Дхамму в уме…",
 "an10.68:6.9": "изучающий значение…",
 "an10.68:6.10": "не практикующий в соответствии с Дхаммой…",
 "an10.68:6.11": "Человек, не прилежный [в развитии] благих качеств: это, то, будь то день или ночь, в отношении него можно ожидать лишь ухудшения, а не возрастания в благих качествах.",
 "an10.68:6.12": "Подобно тому, как в течение периода убывающей луны, будь то день или ночь, луна пребывает в упадке своего цвета, округлости, сияния – как в диаметре, так и в окружности –",
 "an10.68:6.13": "точно также, в том, кто не имеет веры… не возрастания в благих качествах… Человек не имеет чувства стыда…",
 "an10.68:6.14": "Человек, не прилежный [в развитии] благих качеств: это, то, будь то день или ночь, в отношении него можно ожидать лишь ухудшения, а не возрастания в благих качествах.",
 "an10.68:7.1": "Сарипутта, в том, кто имеет веру… имеет чувство стыда…",
 "an10.68:7.2": "не имеет боязни совершить проступок…",
 "an10.68:7.3": "ленивый…",
 "an10.68:7.4": "немудрый…",
 "an10.68:7.5": "не склоняющий ухо…",
 "an10.68:7.6": "не удерживающий Дхамму…",
 "an10.68:7.7": "не изучающий значение…",
 "an10.68:7.8": "не практикующий в соответствии с Дхаммой…",
 "an10.68:7.9": "Человек, прилежный [в развитии] благих качеств: это, то, будь то день или ночь, в отношении него можно ожидать лишь возрастания, а не ухудшенияв благих качествах.",
 "an10.68:7.10": "Подобно тому, как в течение периода возрастающей луны, будь то день или ночь, луна пребывает в росте своего цвета, округлости, сияния – как в диаметре, так и в окружности –",
 "an10.68:7.11": "точно также, в том, кто имеет веру…",
 "an10.68:7.12": "Человек, прилежный [в развитии] благих качеств: это, то, будь то день или ночь, в отношении него можно ожидать лишь возрастания, а не ухудшения в благих качествах.",
 "an10.68:7.13": "Восьмая."
}