{
 "an10.179:0.1": "Восходящие Наставления 10.179",
 "an10.179:0.2": "Глава Садху",
 "an10.179:0.3": "Сутта Действительность Благородных",
 "an10.179:1.1": "Благородную действительность, монахи, преподам и неблагородную действительность.",
 "an10.179:1.2": "Услышьте это…",
 "an10.179:1.3": "“И что такое, монахи, неблагородная действительность?",
 "an10.179:1.4": "Уменьшение жизни… ",
 "an10.179:1.5": "ошибочный взгляд.—",
 "an10.179:1.6": "об этом говорится, монахи, неблагородная действительность.",
 "an10.179:2.1": "И что такое, монахи, благородная действительность?",
 "an10.179:2.2": "Отторжение уменьшения жизни… ",
 "an10.179:2.3": "правильный взгляд.—",
 "an10.179:2.4": "об этом говорится, монахи, благородная действительность.",
 "an10.179:2.5": "Вторая."
}