{
  "an10.172:0.1": "Восходящие Наставления 10.172",
  "an10.172:0.2": "Глава Джануссони",
  "an10.172:0.3": "Сутта Не-Дхамма Третья",
  "an10.172:1.1": "“Монахи, следует понимать, что такое не-Дхамма и [что такое] Дхамма,",
  "an10.172:1.2": "а также что такое вредное и [что такое] полезное.",
  "an10.172:1.3": "Поняв, что такое не-Дхамма и Дхамма, а также что такое вредное и полезное, следует практиковать в соответствии с Дхаммой и тем, что полезно”.",
  "an10.172:1.4": "Так сказал Благословенный.",
  "an10.172:1.5": "И сказав так, Счастливый поднялся со своего сиденья и вошёл в свою хижину.",
  "an10.172:2.1": "И, вскоре после того, как Благословенный ушёл, монахи стали обсуждать:",
  "an10.172:2.2": "“Друзья, Благословенный научил этому краткому утверждению:",
  "an10.172:2.3": "“Монахи, следует понимать, что такое не-Дхамма…",
  "an10.172:2.4": "",
  "an10.172:2.5": "что полезно”.",
  "an10.172:2.6": "Затем он поднялся со своего сиденья и ушёл в своё жилище, не дав детального разъяснения. Кто же сможет в подробностях разъяснить значение этого?”",
  "an10.172:3.1": "И затем мысль пришла к ним:",
  "an10.172:3.2": "“Достопочтенный Махакаччана восхваляем Учителем и почитаем его мудрыми товарищами-монахами.",
  "an10.172:3.3": "Он сможет детально разъяснить значение этого краткого утверждения.",
  "an10.172:3.4": "Что если мы отправимся к нему и спросим его о значении этого?",
  "an10.172:3.5": "Будем помнить то, как он объяснит это нам”.",
  "an10.172:4.1": "И тогда те монахи отправились к Достопочтенному Махакаччане и обменялись с ним вежливыми приветствиями,",
  "an10.172:4.2": "после чего они сели рядом и сказали:",
  "an10.172:5.1": "“Друг Махакаччана, Благословенный научил этому краткому утверждению…",
  "an10.172:5.2": "",
  "an10.172:5.3": "",
  "an10.172:5.4": "",
  "an10.172:6.1": "",
  "an10.172:6.2": "",
  "an10.172:6.3": "",
  "an10.172:6.4": "",
  "an10.172:6.5": "",
  "an10.172:7.1": "",
  "an10.172:7.2": "Достопочтенный Махакаччана восхваляем Учителем и почитаем его мудрыми товарищами-монахами.",
  "an10.172:7.3": "Он сможет детально разъяснить значение этого краткого утверждения.",
  "an10.172:7.4": "Что если мы отправимся к нему и спросим его о значении этого?",
  "an10.172:7.5": "Будем помнить то, как он объяснит это нам”.",
  "an10.172:7.6": "Пусть Достопочтенный Махакаччана разъяснит нам это”.",
  "an10.172:8.1": "“Друзья, это как если бы человеку понадобилась сердцевина дерева, он бы искал сердцевину дерева, бродил в поисках сердцевины дерева, и прошёл бы мимо корней и ствола великого дерева с сердцевиной, думая, что сердцевину нужно искать среди ветвей и листьев.",
  "an10.172:8.2": "Так и с вами, достопочтенные: вы сидели лицом к лицу с Учителем, но прошли мимо Благословенного, думая, что о значении нужно спрашивать меня.",
  "an10.172:8.3": "Ведь зная, друзья, Благословенный знает; видя, он видит; он стал видением, он стал знанием, он стал Дхаммой, он стал Брахмой. Это он – разъяснитель, глашатай, толкователь значения, даритель Бессмертного, властелин Дхаммы, Татхагата.",
  "an10.172:8.4": "В тот момент вам следовало спросить у Благословенного о значении.",
  "an10.172:8.5": "То, как он объяснил бы это, так вы это бы и запомнили”.",
  "an10.172:9.1": "“Вне сомнений, друг Махакаччана, зная, Благословенный знает, видя, он видит…",
  "an10.172:9.2": "Татхагата. В тот момент нам следовало спросить у Благословенного о значении,",
  "an10.172:9.3": "и то, как он объяснил бы это, так мы это бы и запомнили.",
  "an10.172:9.4": "Но, всё же, Достопочтенный Махакаччана восхваляем Учителем и почитаем его мудрыми товарищами-монахами.",
  "an10.172:9.5": "Достопочтенный Махакаччана сможет детально разъяснить значение этого краткого утверждения.",
  "an10.172:9.6": "Пусть Достопочтенный Махакаччана не увидит в этом беспокойства и даст разъяснение”.",
  "an10.172:10.1": "“В таком случае, друзья, слушайте внимательно. Я буду говорить”.",
  "an10.172:10.2": "“Да, друг” – ответили те монахи.",
  "an10.172:10.3": "Достопочтенный Махакаччана сказал:",
  "an10.172:11.1": "“Друзья, Благословенный научил этому краткому утверждению, не дав детального разъяснения:",
  "an10.172:11.2": "“Монахи, следует понимать, что такое не-Дхамма…",
  "an10.172:11.3": "что полезно”.",
  "an10.172:12.1": "И что такое, монахи, не-Дхамма, и что такое Дхамма?",
  "an10.172:12.2": "Что такое вредное, и что такое полезное?",
  "an10.172:12.3": "Уничтожение жизни – это не-Дхамма",
  "an10.172:12.4": "Отвержение уничтожения жизни – это Дхамма",
  "an10.172:12.5": "Многочисленные плохие, неблагие качества, возникающие из уничтожения жизни, как причиной: это является вредным.",
  "an10.172:12.6": "Многочисленные благие качества, имеющие причиной отверждение уничтожения жинзни, что достигают осуществления посредством развития: это является полезным.",
  "an10.172:13.1": "неданное даяние – это не-Дхамма",
  "an10.172:13.2": "отвержение неданного даяния – это Дхамма",
  "an10.172:13.3": "",
  "an10.172:13.4": "",
  "an10.172:14.1": "ошибочное поведение в желаниях – это не-Дхамма",
  "an10.172:14.2": "отвержение ошибоного поведения в желаниях – это Дхамма",
  "an10.172:14.3": "",
  "an10.172:14.4": "",
  "an10.172:15.1": "ложное утверждение – это не-Дхамма",
  "an10.172:15.2": "отвержение ложного утверждения – это Дхамма",
  "an10.172:15.3": "",
  "an10.172:15.4": "",
  "an10.172:16.1": "рознящая речь – это не-Дхамма",
  "an10.172:16.2": "отвержение рознящей речи – это Дхамма",
  "an10.172:16.3": "",
  "an10.172:16.4": "",
  "an10.172:17.1": "жёсткая речь – это не-Дхамма",
  "an10.172:17.2": "отвержение жёсткой речи – это Дхамма",
  "an10.172:17.3": "",
  "an10.172:17.4": "",
  "an10.172:18.1": "пустословие – это не-Дхамма",
  "an10.172:18.2": "отвержение пустословия – это Дхамма",
  "an10.172:18.3": "",
  "an10.172:18.4": "",
  "an10.172:19.1": "алчность – это не-Дхамма",
  "an10.172:19.2": "не-алчность – это Дхамма",
  "an10.172:19.3": "",
  "an10.172:19.4": "",
  "an10.172:20.1": "враждебность – это не-Дхамма",
  "an10.172:20.2": "невраждебность – это Дхамма",
  "an10.172:20.3": "",
  "an10.172:20.4": "",
  "an10.172:21.1": "ошибочный взгляд – это не-Дхамма",
  "an10.172:21.2": "правильный взгляд – это Дхамма",
  "an10.172:21.3": "Многочисленные плохие, неблагие качества, возникающие с ошибочным взглядом как причиной: это является вредным.",
  "an10.172:21.4": "Многочисленные благие качества, имеющие причиной правильный взгляд, что достигают осуществления посредством развития: это является полезным.",
  "an10.172:22.1": "",
  "an10.172:22.2": "",
  "an10.172:22.3": "",
  "an10.172:22.4": "Друзья, вот каким образом я понимаю в подробностях значение того, что было сказано Благословенным вкратце.",
  "an10.172:22.5": "Теперь, друзья, если хотите, отправляйтесь к Благословенному и спросите его о значении этого.",
  "an10.172:22.6": "То, как он объяснит это, так вы это и запомните”.",
  "an10.172:23.1": "“Да, друг” – ответили те монахи и, восхитившись и возрадовавшись словам Достопочтенного Махакаччаны, они встали со своих сидений и отправились к Благословенному. Поклонившись ему, они сели рядом и сказали Благословенному:",
  "an10.172:24.1": "“Почтенный, Благословенный научил этому краткому утверждению…",
  "an10.172:24.2": "",
  "an10.172:24.3": "",
  "an10.172:25.1": "",
  "an10.172:25.2": "",
  "an10.172:25.3": "",
  "an10.172:25.4": "",
  "an10.172:25.5": "",
  "an10.172:26.1": "",
  "an10.172:26.2": "",
  "an10.172:26.3": "",
  "an10.172:26.4": "",
  "an10.172:26.5": "",
  "an10.172:27.1": "Затем, почтенный, мы отправились к Достопочтенному Махакаччане и спросили его о значении.",
  "an10.172:27.2": "Достопочтенный Махакаччана разъяснил нам значение такими-то способами, в таких-то терминах и фразах”.",
  "an10.172:28.1": "“Хорошо, хорошо, монахи!",
  "an10.172:28.2": "Махакаччана учён. Махакаччана наделён великим пониманием.",
  "an10.172:28.3": "Если бы вы спросили меня о значении этого, то я бы объяснил точно также, как это сделал Махакаччана.",
  "an10.172:28.4": "Таково значение этого, и именно так вам это следует запомнить”.",
  "an10.172:28.5": "Шестая."
}