{
 "an10.225-228:0.1": "Восходящие Наставления 10.225-228",
 "an10.225-228:0.2": "Глава Саманнья",
 "an10.225-228:0.3": "",
 "an10.225-228:1.1": "“Монахи, обладая десятью качествами, человек удерживает себя в изувеченном и искалеченном состоянии. Какими десятью?…",
 "an10.225-228:1.2": "…сохраняет себя неизувеченным и неискалеченным.",
 "an10.225-228:1.3": "двадцатью, монахи…",
 "an10.225-228:1.4": "тридцатью, монахи…",
 "an10.225-228:1.5": "“Монахи, обладая сорока качествами, человек удерживает себя в изувеченном и искалеченном состоянии…",
 "an10.225-228:1.6": "(…)"
}