{
 "an10.96:0.1": "Восходящие Наставления 10.96",
 "an10.96:0.2": "Глава Упали",
 "an10.96:0.3": "Сутта Коканада",
 "an10.96:1.1": "Однажды Достопочтенный Ананда пребывал в Раджагахе в Парке Горячих Источников.",
 "an10.96:1.2": "И когда ночь уже подходила к концу, Достопочтенный Ананда поднялся и отправился к горячим источникам, чтобы искупаться.",
 "an10.96:1.3": "Искупавшись в горячих источниках и выйдя из них, он стоял в одном одеянии, высушивая члены своего тела.",
 "an10.96:1.4": "Странник Коканада также, когда ночь уже подходила к концу, поднялся и отправился к горячим источникам, чтобы искупаться.",
 "an10.96:2.1": "Он издали увидел Достопочтенного Ананду",
 "an10.96:2.2": "и сказал:",
 "an10.96:2.3": "“Кто здесь, друг?”",
 "an10.96:2.4": "“Я монах, друг”.",
 "an10.96:3.1": "“Из какой группы монахов, друг?”",
 "an10.96:3.2": "“Из [группы] отшельников, следующих за Сыном Сакьев”.",
 "an10.96:4.1": "“Если есть время ответить на мой вопрос, то я хотел бы тебя кое о чём спросить”.",
 "an10.96:4.2": "“Спрашивай, друг. Выслушаю вопрос, буду знать [смогу ли ответить]”.",
 "an10.96:5.1": "“Так как же, почтенный, придерживаешься ли ты такого воззрения: “Мир вечен. Только это правда, а всё остальное ошибочно”?",
 "an10.96:5.2": "“Я не придерживаюсь такого воззрения, друг”.",
 "an10.96:5.3": "",
 "an10.96:6.1": "“В таком случае, придерживаешься ли ты такого воззрения: “Мир не вечен. Только это правда, а всё остальное ошибочно?”",
 "an10.96:6.2": "“Я не придерживаюсь такого воззрения, друг”.",
 "an10.96:6.3": "",
 "an10.96:7.1": "“В таком случае, придерживаешься ли ты такого воззрения: “Мир ограничен…",
 "an10.96:7.2": "Мир безграничен…",
 "an10.96:7.3": "Душа и тело – это одно и то же…",
 "an10.96:7.4": "Душа это одно, а тело – иное…",
 "an10.96:7.5": "Татхагата существует после смерти…",
 "an10.96:7.6": "не существует…",
 "an10.96:7.7": "и существует и не существует…",
 "an10.96:7.8": "ни существует, ни не существует после смерти?”",
 "an10.96:7.9": "“Я не придерживаюсь такого воззрения, друг”.",
 "an10.96:7.10": "",
 "an10.96:8.1": "“В таком случае, быть может, ты не знаешь и не видишь?”",
 "an10.96:8.2": "“Не так оно, друг, что я не знаю и не вижу.",
 "an10.96:8.3": "Я знаю и вижу”.",
 "an10.96:9.1": "“Когда я спросил тебя: “Так как же, почтенный, придерживаешься ли ты такого воззрения: “Мир вечен…” –",
 "an10.96:9.2": "ты ответил:",
 "an10.96:9.3": "“Я не придерживаюсь такого воззрения, друг”. Но когда я спросил тебя:",
 "an10.96:9.4": "",
 "an10.96:10.1": "“Так как же, почтенный, придерживаешься ли ты такого воззрения: “Мир не вечен…",
 "an10.96:10.2": "",
 "an10.96:10.3": "",
 "an10.96:10.4": "",
 "an10.96:11.1": "",
 "an10.96:11.2": "",
 "an10.96:11.3": "",
 "an10.96:11.4": "",
 "an10.96:11.5": "",
 "an10.96:11.6": "",
 "an10.96:11.7": "",
 "an10.96:11.8": "Татхагата ни существует, ни не существует после смерти?” –",
 "an10.96:11.9": "ты [также] ответил:",
 "an10.96:11.10": "“Я не придерживаюсь такого воззрения, друг”.",
 "an10.96:11.11": "",
 "an10.96:12.1": "Когда я спросил тебя: “В таком случае, быть может, ты не знаешь и не видишь?” – ты ответил:",
 "an10.96:12.2": "“Не так оно, друг, что я не знаю и не вижу.",
 "an10.96:12.3": "Я знаю и вижу”.",
 "an10.96:12.4": "Как же следует понимать значение этого утверждения, друг?”",
 "an10.96:13.1": "“Мир вечен. Только это правда, а всё остальное ошибочно” – это, друг, спекулятивное воззрение.",
 "an10.96:13.2": "“Мир не вечен…",
 "an10.96:13.3": "",
 "an10.96:13.4": "",
 "an10.96:13.5": "",
 "an10.96:13.6": "",
 "an10.96:13.7": "",
 "an10.96:13.8": "",
 "an10.96:13.9": "",
 "an10.96:13.10": "Татхагата ни существует, ни не существует после смерти” – это спекулятивное воззрение.",
 "an10.96:14.1": "Друг, область спекулятивных воззрений, базис для воззрений, основание для воззрений, охваченность воззрениями, возникновение воззрений и искоренение воззрений –",
 "an10.96:14.2": "всё это я знаю и вижу. Когда я знаю и вижу это, то почему я должен утверждать:",
 "an10.96:14.3": "“Я не знаю и не вижу?”.",
 "an10.96:14.4": "Я знаю и вижу, друг”.",
 "an10.96:15.1": "“Как твоё имя? И как тебя зовут товарищи-монахи?”",
 "an10.96:15.2": "“Меня зовут Ананда.",
 "an10.96:15.3": "И мои товарищи-монахи зовут меня Анандой”.",
 "an10.96:15.4": "“В самом деле, я и не понял, что совещался с великим учителем (ачарья),",
 "an10.96:15.5": "Достопочтенным Анандой!",
 "an10.96:15.6": "Если бы я знал,",
 "an10.96:15.7": "что это Достопочтенный Ананда, то я не стал бы говорить так много.",
 "an10.96:15.8": "Пусть Достопочтенный Ананда простит меня”.",
 "an10.96:15.9": "Шестая."
}