{
 "an10.195:0.1": "Восходящие Наставления 10.195",
 "an10.195:0.2": "Глава Ариямагга",
 "an10.195:0.3": "Сутта Нужно Развить",
 "an10.195:1.1": "Которое должно быть развито, монахи, явление объясню и которое не должно быть развито.",
 "an10.195:1.2": "Услышьте это…",
 "an10.195:1.3": "“И что такое, монахи, явление, которое не должно быть развито?",
 "an10.195:1.4": "Уменьшение жизни…",
 "an10.195:1.5": "ошибочный взгляд—",
 "an10.195:1.6": "об этом говорится, монахи, явление, которое не должно быть развито.",
 "an10.195:2.1": "И что такое, монахи, явление, которое должно быть развито?",
 "an10.195:2.2": "отвергание уменьшения жизни…",
 "an10.195:2.3": "правильный взгляд—",
 "an10.195:2.4": "об этом говорится, монахи, которое должно быть развито.",
 "an10.195:2.5": "Седьмая."
}