{
  "an10.85:0.1": "Восходящие Наставления 10.85",
  "an10.85:0.2": "Глава Тхера",
  "an10.85:0.3": "Сутта Хвастун",
  "an10.85:1.1": "Однажды Достопочтенный Махачунда пребывал в стране Четиев у Сахаджати.",
  "an10.85:1.2": "Там Достопочтенный Махачунда обратился к монахам:",
  "an10.85:1.3": "“Друзья монахи!”",
  "an10.85:1.4": "“Друг!” – отвечали те монахи.",
  "an10.85:1.5": "Достопочтенный Махачунда сказал:",
  "an10.85:2.1": "“Друзья, бывает так, что монах – хвастун. Он хвалится [своими] достижениями:",
  "an10.85:2.2": "“Я вхожу и выхожу из первой джханы. Я вхожу и выхожу из второй джханы… третьей… четвёртой… сферы безграничного пространства… сферы безграничного сознания… сферы отсутствия всего… сферы ни восприятия, ни не-восприятия. Я вхожу и выхожу из прекращения восприятия и чувствования”.",
  "an10.85:3.1": "Татхагата или его ученик, достигающий джханы – умелый в достижении, умелый в умах других, умелый в направлениях умов других – задаёт ему вопросы, спрашивает его, допрашивает его разными путями.",
  "an10.85:3.2": "Когда Татхагата или его ученик задаёт ему вопросы, спрашивает его, допрашивает разными путями – он [в своих ответах] заходит в тупик и нервничает. На него нисходит бедствие, несчастье, бедствие и несчастье.",
  "an10.85:4.1": "Татхагата или его ученик, достигающий джханы – умелый в достижении, умелый в умах других, умелый в направлениях умов других – охватывает его ум своим собственным умом и смотрит:",
  "an10.85:4.2": "“Почему этот достопочтенный хвастун, хвалится [своими] достижениями:",
  "an10.85:4.3": "“Я вхожу и выхожу из первой джханы…",
  "an10.85:4.4": "вхожу и выхожу из прекращения восприятия и чувствования”?",
  "an10.85:5.1": "Татхагата или его ученик, охватив его ум своим умом, понимает:",
  "an10.85:6.1": "“Долгое время поведение этого достопочтенного было слабым, некорректным, ущербным, запятнанным. Он не последователен в соблюдении и следовании нравственному поведению.",
  "an10.85:6.2": "Это достопочтенный безнравственен.",
  "an10.85:6.3": "Но в Дхамме и Винае, что были провозглашены Татхагатой, безнравственность является случаем упадка”.",
  "an10.85:7.1": "“Этот достопочтенный не имеет веры.",
  "an10.85:7.2": "Но в Дхамме и Винае, что были провозглашены Татхагатой, отсутствие веры является случаем упадка”.",
  "an10.85:8.1": "“Этот достопочтенный мало изучал и ведёт себя неподобающе.",
  "an10.85:8.2": "Но в Дхамме и Винае, что были провозглашены Татхагатой, слабое изучение [Дхаммы] является случаем упадка”.",
  "an10.85:9.1": "“Этого достопочтенного сложно исправить.",
  "an10.85:9.2": "Но в Дхамме и Винае, что были провозглашены Татхагатой, сложность исправить является случаем упадка”.",
  "an10.85:10.1": "“У этого достопочтенного плохие друзья.",
  "an10.85:10.2": "Но в Дхамме и Винае, что были провозглашены Татхагатой, плохие друзья являются случаем упадка”.",
  "an10.85:11.1": "“Этот достопочтенный ленив.",
  "an10.85:11.2": "Но в Дхамме и Винае, что были провозглашены Татхагатой, лень является случаем упадка”.",
  "an10.85:12.1": "“У этого достопочтенного ум замутнён.",
  "an10.85:12.2": "Но в Дхамме и Винае, что были провозглашены Татхагатой, замутнённость ума является случаем упадка”.",
  "an10.85:13.1": "“Этот достопочтенный лжец.",
  "an10.85:13.2": "Но в Дхамме и Винае, что были провозглашены Татхагатой, лживость является случаем упадка”.",
  "an10.85:14.1": "“Этого достопочтенного сложно поддерживать.",
  "an10.85:14.2": "Но в Дхамме и Винае, что были провозглашены Татхагатой, сложность поддерживать [монаха] является случаем упадка”.",
  "an10.85:15.1": "“Этот достопочтенный немудр.",
  "an10.85:15.2": "Но в Дхамме и Винае, что были провозглашены Татхагатой, отсутствие мудрости является случаем упадка”.",
  "an10.85:16.1": "Представьте, друзья, как если бы некий человек сказал своему товарищу:",
  "an10.85:16.2": "“Когда тебе для чего-либо понадобятся деньги, мой друг, просто попроси, и я тебе дам”.",
  "an10.85:16.3": "И когда товарищу понадобились деньги, он сказал своему другу: “Мне нужны деньги, друг. Дай мне столько-то”.",
  "an10.85:16.4": "Другой ответил бы:",
  "an10.85:16.5": "“В таком случае, друг, копай вот здесь”. Он копает, но ничего не находит.",
  "an10.85:16.6": "Тогда он говорит:",
  "an10.85:16.7": "“Ты солгал мне, друг. Ты говорил неправду, когда сказал мне копать здесь”.",
  "an10.85:16.8": "Другой бы ответил:",
  "an10.85:16.9": "“Я не солгал тебе, друг, я не говорил неправды. Давай же, покопай [теперь] там”.",
  "an10.85:16.10": "Он копает и там, но [и там] ничего не находит.",
  "an10.85:16.11": "И вновь он говорит:",
  "an10.85:16.12": "“Ты солгал мне, друг. Ты говорил неправду, когда сказал мне копать там”.",
  "an10.85:16.13": "Другой ответил бы:",
  "an10.85:16.14": "“Я не солгал тебе, друг, я не говорил неправды. Давай же, покопай [теперь ещё и вот] там”.",
  "an10.85:16.15": "Он копает [ещё] и там, но [и там] ничего не находит.",
  "an10.85:16.16": "Тогда он говорит:",
  "an10.85:16.17": "“Ты солгал мне, друг. Ты говорил неправду, когда сказал мне копать там”.",
  "an10.85:16.18": "Другой ответил бы:",
  "an10.85:16.19": "“Я не солгал тебе, друг, я не говорил неправды. Я был помешан, был вне себя”.",
  "an10.85:17.1": "Точно также, друзья, бывает так, что монах – хвастун. Он хвалится [своими] достижениями:",
  "an10.85:17.2": "“Я вхожу и выхожу из первой джханы. Я вхожу и выхожу из второй джханы… третьей… четвёртой… сферы безграничного пространства… сферы безграничного сознания… сферы отсутствия всего… сферы ни восприятия, ни не-восприятия. Я вхожу и выхожу из прекращения восприятия и чувствования”.",
  "an10.85:18.1": "Татхагата или его ученик, достигающий джханы – умелый в достижении, умелый в умах других, умелый в направлениях умов других – задаёт ему вопросы, спрашивает его, допрашивает его разными путями.",
  "an10.85:18.2": "Когда Татхагата или его ученик задаёт ему вопросы, спрашивает его, допрашивает разными путями – он [в своих ответах] заходит в тупик и нервничает. На него нисходит бедствие, несчастье, бедствие и несчастье.",
  "an10.85:19.1": "Татхагата или его ученик, достигающий джханы – умелый в достижении, умелый в умах других, умелый в направлениях умов других – охватывает его ум своим собственным умом и смотрит:",
  "an10.85:19.2": "“Почему этот достопочтенный хвастун, хвалится [своими] достижениями:",
  "an10.85:19.3": "“Я вхожу и выхожу из первой джханы…",
  "an10.85:19.4": "вхожу и выхожу из прекращения восприятия и чувствования”?",
  "an10.85:20.1": "Татхагата или его ученик, охватив его ум своим умом, понимает:",
  "an10.85:21.1": "“Долгое время поведение этого достопочтенного было слабым, некорректным, ущербным, запятнанным. Он не последователен в соблюдении и следовании нравственному поведению.",
  "an10.85:21.2": "Это достопочтенный безнравственен.",
  "an10.85:21.3": "Но в Дхамме и Винае, что были провозглашены Татхагатой, безнравственность является случаем упадка”.",
  "an10.85:22.1": "“Этот достопочтенный не имеет веры.",
  "an10.85:22.2": "Но в Дхамме и Винае, что были провозглашены Татхагатой, отсутствие веры является случаем упадка”.",
  "an10.85:23.1": "“Этот достопочтенный мало изучал и ведёт себя неподобающе.",
  "an10.85:23.2": "Но в Дхамме и Винае, что были провозглашены Татхагатой, слабое изучение [Дхаммы] является случаем упадка”.",
  "an10.85:24.1": "“Этого достопочтенного сложно исправить.",
  "an10.85:24.2": "Но в Дхамме и Винае, что были провозглашены Татхагатой, сложность исправить является случаем упадка”.",
  "an10.85:25.1": "“У этого достопочтенного плохие друзья.",
  "an10.85:25.2": "Но в Дхамме и Винае, что были провозглашены Татхагатой, плохие друзья являются случаем упадка”.",
  "an10.85:26.1": "“Этот достопочтенный ленив.",
  "an10.85:26.2": "Но в Дхамме и Винае, что были провозглашены Татхагатой, лень является случаем упадка”.",
  "an10.85:27.1": "“У этого достопочтенного ум замутнён.",
  "an10.85:27.2": "Но в Дхамме и Винае, что были провозглашены Татхагатой, замутнённость ума является случаем упадка”.",
  "an10.85:28.1": "“Этот достопочтенный лжец.",
  "an10.85:28.2": "Но в Дхамме и Винае, что были провозглашены Татхагатой, лживость является случаем упадка”.",
  "an10.85:29.1": "“Этого достопочтенного сложно поддерживать.",
  "an10.85:29.2": "Но в Дхамме и Винае, что были провозглашены Татхагатой, сложность поддерживать [монаха] является случаем упадка”.",
  "an10.85:30.1": "“Этот достопочтенный немудр.",
  "an10.85:30.2": "Но в Дхамме и Винае, что были провозглашены Татхагатой, отсутствие мудрости является случаем упадка”.",
  "an10.85:31.1": "Воистину, друзья, не может быть такого, чтобы монах, не отбросивший этих десяти вещей, достиг бы роста, совершенствования, зрелости в этой Дхамме и Винае.",
  "an10.85:31.2": "Но может быть так, что монах, который отбросил эти десять вещей, достигнет роста, совершенствования, зрелости в этой Дхамме и Винае”.",
  "an10.85:31.3": "Пятая."
}