{
  "an10.74:0.1": "Восходящие Наставления 10.74",
  "an10.74:0.2": "Глава Аканкха",
  "an10.74:0.3": "Сутта Возрастание",
  "an10.74:1.1": "“Монахи, возрастая в десяти областях роста, ученик Благородных возрастает благородным ростом, впитывает суть и лучшее из этой жизни.",
  "an10.74:1.2": "В каких десяти?",
  "an10.74:1.3": "Он возрастает: В полях и землях; в богатстве и зерне; в жёнах и детях; в рабах, рабочих и слугах; в крупном рогатом скоте; вере, в нравственности, в учёности, в щедрости, в мудрости.",
  "an10.74:1.4": "Монахи, возрастая в десяти областях роста, ученик Благородных возрастает благородным ростом, впитывает суть и лучшее из этой жизни.",
  "an10.74:2.1": "“Тот, кто растёт в богатстве и зерне,",
  "an10.74:2.2": "В скотине, в жёнах, в сыновьях,",
  "an10.74:2.3": "Тот и богат, и уважаем; его чтят",
  "an10.74:2.4": "И царь, и родственники, и друзья.",
  "an10.74:3.1": "И этот самый мудрый человек -",
  "an10.74:3.2": "Кто в вере, в нравственности всё растёт,",
  "an10.74:3.3": "А также в мудрости, учёности, даянии -",
  "an10.74:3.4": "Растёт обоими путями в жизни этой”.",
  "an10.74:3.5": "Четвёртая."
}