{
  "an1.219:0.1": "Восходящие Наставления 1.219-234",
  "an1.219:0.2": "Глава Четвёртая",
  "an1.219:1.1": "“Монахи, самым выдающимся моим учеником …среди монахов, которые учёные, является Ананда”.",
  "an1.220:1.1": "…среди монахов, которые обладают хорошей памятью, является Ананда”.",
  "an1.221:1.1": "…среди монахов, которые быстро схватывают [учения], является Ананда”.",
  "an1.222:1.1": "…среди монахов, которые решительны, является Ананда”.",
  "an1.223:1.1": "…среди монахов, которые являются личными прислужниками, является Ананда”.",
  "an1.224:1.1": "…среди монахов с большой свитой, является Урувела Кассапа”.",
  "an1.225:1.1": "…среди монахов, которые пробуждают доверие в семьях, является Калудайи”.",
  "an1.226:1.1": "…среди монахов, которые обладают хорошим здоровьем, является Баккула”.",
  "an1.227:1.1": "…среди монахов, которые вспоминают свои прошлые жизни, является Собхита”.",
  "an1.228:1.1": "…среди монахов, которые [особые] приверженцы Винаи, является Упали”.",
  "an1.229:1.1": "…среди монахов, которые наставляют монахинь, является Нандака”.",
  "an1.230:1.1": "…среди монахов, которые [лучше других] охраняют двери органов чувств, является Нанда”.",
  "an1.231:1.1": "…среди монахов, которые наставляют монахов, является Махакаппина”.",
  "an1.232:1.1": "…среди монахов с умением в элементе огня, является Сагата”.",
  "an1.233:1.1": "…среди монахов, получающих красноречивые лекции, является Радха”.",
  "an1.234:1.1": "…среди монахов, которые носят грубые одежды, является Могхараджа”.",
  "an1.234:1.2": "Глава Четвёртая."
}