{
  "an1.235:0.1": "Восходящие Наставления 1.235-247",
  "an1.235:0.2": "Глава Пятая",
  "an1.235:1.1": "“Монахи, самой выдающейся моей ученицей среди монахинь плане старшинства является Махападжапати Готами.",
  "an1.236:1.1": "…среди монахинь, которые обладают великой мудростью, является Кхема”.",
  "an1.237:1.1": "…среди монахинь, которые обладают сверхъестественными силами, является Уппалаванна”.",
  "an1.238:1.1": "…среди монахинь, которые [особые] приверженцы Винаи, является Патачара”.",
  "an1.239:1.1": "…среди монахинь, которые являются ораторами, является Дхаммадинна”.",
  "an1.240:1.1": "…среди монахинь, которые медитируют, является Нанда”.",
  "an1.241:1.1": "…среди монахинь, которые зарождают усердие, является Сона”.",
  "an1.242:1.1": "…среди монахинь, которые обладают божественным глазом, является Сакула”.",
  "an1.243:1.1": "…среди монахинь, которые быстро достигают прямого знания, является Бхадда Кундалакеса”.",
  "an1.244:1.1": "…среди монахинь, которые вспоминают прошлые жизни, является Бхадда Капилани”.",
  "an1.245:1.1": "…среди монахинь, которые достигают великого прямого знания, является Бхадда Каччана”.",
  "an1.246:1.1": "…среди монахинь, которые носят грубые одежды, является Кисаготами”.",
  "an1.247:1.1": "…среди монахинь, которые обрели решительность посредством веры, является Сигаламата”.",
  "an1.247:1.2": "Глава Пятая."
}