{
  "an1.306:0.1": "Восходящие Наставления 1.306-315",
  "an1.306:0.2": "Глава Вторая",
  "an1.306:1.0": "1",
  "an1.306:1.1": "“Монахи, я не вижу ни одной другой вещи помимо ошибочного взгляда, из-за которой невозникшие неблагие качества возникают, а возникшие неблагие качества увеличиваются и разрастаются. ",
  "an1.306:1.2": "У того, у кого есть неправильный взгляд, невозникшие неблагие качества возникают, а возникшие неблагие качества увеличиваются и разрастаются ”.",
  "an1.307:1.0": "2",
  "an1.307:1.1": "“Монахи, я не вижу ни одной другой вещи помимо правильного взгляда, из-за которой невозникшие благие качества возникают, а возникшие благие качества увеличиваются и разрастаются. ",
  "an1.307:1.2": "У того, у кого есть правильный взгляд, невозникшие благие качества возникают, а возникшие благие качества увеличиваются и разрастаются”.",
  "an1.308:1.0": "3",
  "an1.308:1.1": "“Монахи, я не вижу ни одной другой вещи помимо ошибочного взгляда, из-за которой невозникшие благие качества не возникают, а возникшие благие качества уменьшаются. ",
  "an1.308:1.2": "У того, у кого есть неправильный взгляд, невозникшие благие качества не возникают, а возникшие благие качества уменьшаются”.",
  "an1.309:1.0": "4",
  "an1.309:1.1": "“Монахи, я не вижу ни одной другой вещи помимо правильного взгляда, из-за которой невозникшие неблагие качества не возникают, а возникшие неблагие качества уменьшаются. ",
  "an1.309:1.2": "У того, у кого есть правильный взгляд, невозникшие неблагие качества не возникают, а возникшие неблагие качества уменьшаются”.",
  "an1.310:1.0": "5",
  "an1.310:1.1": "“Монахи, я не вижу ни одной другой вещи помимо немудрого внимания, из-за которой невозникшие неправильный взгляд возникают, а возникшие неправильный взгляд возрастают. ",
  "an1.310:1.2": "У того, кто обладает немудрым вниманием, невозникшие неправильный взгляд возникают, а возникшие неправильный взгляд возрастают”.",
  "an1.311:1.0": "6",
  "an1.311:1.1": "“Монахи, я не вижу ни одной другой вещи помимо мудрого внимания, из-за которой невозникшие правильный взгляд возникают, а возникшие правильный взгляд возрастают. ",
  "an1.311:1.2": "У того, кто обладает мудрым вниманием, невозникшие правильный взгляд возникают, а возникшие правильный взгляд возрастают”.",
  "an1.312:1.0": "7",
  "an1.312:1.1": "“Монахи, я не вижу ни одной другой вещи помимо ошибочного взгляда, из-за которой с распадом тела, после смерти, существа перерождаются в состоянии лишений, в плохом уделе, в нижних мирах, в аду. ",
  "an1.312:1.2": "Обладая ошибочным взглядом, с распадом тела, после смерти, существа перерождаются в состоянии лишений, в плохом уделе, в нижних мирах, в аду”.",
  "an1.313:1.0": "8",
  "an1.313:1.1": "“Монахи, я не вижу ни одной другой вещи помимо правильного взгляда, из-за которой с распадом тела, после смерти, существа перерождаются в благом уделе, в небесном мире. ",
  "an1.313:1.2": "Обладая правильным взглядом, с распадом тела, после смерти, существа перерождаются в благом уделе, в небесном мире”.",
  "an1.314:1.0": "9",
  "an1.314:1.1": "“Монахи, у человека с ошибочным взглядом любая телесная активность, словесная активность, и умственная активность, которую он вызывает и предпринимает в соответствии с этим [его] взглядом, [как] и любым его намерением, хотением, склонностью, и волевыми формирователями вся [эта активность] приведёт его к нежеланному, нежелательному, неприятному, к вреду и страданиям. ",
  "an1.314:1.2": "И почему? ",
  "an1.314:1.3": "Потому что взгляд плохой. ",
  "an1.314:1.4": "Представьте, монахи, как если бы семя ниима, горького огурца или горькой тыквы посадили бы во влажную почву. Любые питательные вещества, которые оно вобрало бы из почвы и воды, привели бы к его горькому, резкому, неприятному вкусу. ",
  "an1.314:1.5": "И почему? ",
  "an1.314:1.6": "Потому что семя плохое. ",
  "an1.314:1.7": "Точно также, у человека с ошибочным взглядом, неправильными устремлениями… любая телесная активность, словесная активность, и умственная активность… приведёт его к нежелательному, неприятному, к вреду и страданиям. ",
  "an1.314:1.8": "И почему? ",
  "an1.314:1.9": "Потому что взгляд плохое”.",
  "an1.315:1.0": "10",
  "an1.315:1.1": "“Монахи, у человека с правильным взглядом любая телесная активность, словесная активность, и умственная активность, которую он вызывает и предпринимает в соответствии с этим [его] взглядом, [как] и любым его намерением, хотением, склонностью, и волевыми формирователями вся [эта активность] приведёт его к желательному, желанному, приятному, к благополучию и счастью. ",
  "an1.315:1.2": "И почему? ",
  "an1.315:1.3": "Потому что взгляд хорошее. ",
  "an1.315:1.4": "Представьте, монахи, как если бы семя сахарного тростника, горного риса или винограда посадили бы во влажную почву. Любые питательные вещества, которые оно вобрало бы из почвы и воды, привели бы к его приятному, сладкому, восхитительному вкусу. ",
  "an1.315:1.5": "И почему? ",
  "an1.315:1.6": "Потому что семя хорошее. ",
  "an1.315:1.7": "Точно также, у человека с правильным взглядом, правильными устремлениями… любая телесная активность, словесная активность, и умственная активность… приведёт его к желательному, желанному, приятному, к благополучию и счастью. ",
  "an1.315:1.8": "И почему? ",
  "an1.315:1.9": "Потому что взгляд хорошее”.",
  "an1.315:1.10": "Глава Вторая."
}