{
  "an1.98:0.1": "Восходящие Наставления 1.98-139",
  "an1.98:0.2": "Вторая Глава начинающаяся с Памада ",
  "an1.98:1.0": "1",
  "an1.98:1.1": "“Монахи, я не вижу ни одной другой вещи среди внутренних факторов помимо беспечности, которая вела бы к такому величайшему вреду. ",
  "an1.98:1.2": "Беспечность ведёт к величайшему вреду”.",
  "an1.98:1.3": "Первая.",
  "an1.99:1.0": "2",
  "an1.99:1.1": "“Монахи, я не вижу ни одной другой вещи среди внутренних факторов помимо прилежания, которая вела бы к такому величайшему благу. ",
  "an1.99:1.2": "Прилежание ведёт к величайшему благу”.",
  "an1.99:1.3": "Вторая.",
  "an1.100:1.0": "3",
  "an1.100:1.1": "“Монахи, я не вижу ни одной другой вещи среди внутренних факторов помимо лени, которая вела бы к такому величайшему вреду. ",
  "an1.100:1.2": "Лень ведёт к величайшему вреду”.",
  "an1.100:1.3": "Третья.",
  "an1.101:1.0": "4",
  "an1.101:1.1": "“Монахи, я не вижу ни одной другой вещи среди внутренних факторов помимо зарождение усердия, которая вела бы к такому величайшему благу. ",
  "an1.101:1.2": "Зарождение усердия ведёт к величайшему благу”.",
  "an1.101:1.3": "Четвёртая.",
  "an1.102-109:1.0": "5-12",
  "an1.102-109:1.1": "“Монахи, я не вижу ни одной другой вещи среди внутренних факторов кроме как сильное желание… малое количество желаний… отсутствие довольствования… довольствование… не фундаментальное представление… фундаментальное представление… бесознательность… сознательлность… двенадцатая.",
  "an1.110:1.0": "13",
  "an1.110:1.1": "Это внешний, монахи, аспект - узнав я наблюдаю в том числе один аспект, который приводил бы к большой неполезности, как, монахи, дружба с плохим.",
  "an1.110:1.2": "Дружба с плохим, монахи, приводит к неполезности.",
  "an1.110:1.3": "Тринадцатая.",
  "an1.111:1.0": "14",
  "an1.111:1.1": "Это внешний, монахи, аспект - узнав я наблюдаю в том числе один аспект, который приводил бы к большой пользе, как, монахи, дружба с благоприятным.",
  "an1.111:1.2": "Дружба с благоприятным, монахи, приводит к пользе.",
  "an1.111:1.3": "Четырнадцатая.",
  "an1.112:1.0": "15",
  "an1.112:1.1": "Это внутренний, монахи, аспект - узнав я наблюдаю в том числе один аспект, который приводил бы к большой неполезности, как, монахи, связанность с неблагими явлениями. несвязанность с благими явлениями.",
  "an1.112:1.2": "Связанность с неблагими явлениями. несвязанность с благими явлениями, монахи, приводит к неполезности.",
  "an1.112:1.3": "Пятнадцатая.",
  "an1.113:1.0": "16",
  "an1.113:1.1": "Это внутренний, монахи, аспект - узнав я наблюдаю в том числе один аспект, который приводил бы к большой пользе, как, монахи, несвязанность с неблагими явлениями. связанность с благими явлениями.",
  "an1.113:1.2": "Несвязанность с неблагими явлениями. связанность с благими явлениями, монахи, приводит к пользе.",
  "an1.113:1.3": "Шестнадцатая.",
  "an1.114:1.0": "17",
  "an1.114:1.1": "“Я не наблюдаю, монахи, ни одной другой вещи, которая настолько вела бы к упадку и исчезновению благой Дхаммы, как беспечность. ",
  "an1.114:1.2": "Беспечность ведёт к упадку и исчезновению благой Дхаммы”.",
  "an1.114:1.3": "Семнадцатая.",
  "an1.115:1.0": "18",
  "an1.115:1.1": "“Я не наблюдаю, монахи, ни одной другой вещи, которая настолько вела бы к продолжительности, к не-упадку и не-исчезновению благой Дхаммы, как прилежание. ",
  "an1.115:1.2": "Прилежание ведёт к продолжительности, не-упадку и не-исчезновению благой Дхаммы”.",
  "an1.115:1.3": "Восемнадцатая.",
  "an1.116:1.0": "19",
  "an1.116:1.1": "“Я не наблюдаю, монахи, ни одной другой вещи, которая настолько вела бы к упадку и исчезновению благой Дхаммы, как лень. ",
  "an1.116:1.2": "Лень ведёт к упадку и исчезновению благой Дхаммы”.",
  "an1.116:1.3": "Девятнадцатая.",
  "an1.117:1.0": "20",
  "an1.117:1.1": "“Я не наблюдаю, монахи, ни одной другой вещи, которая настолько вела бы к продолжительности, к не-упадку и не-исчезновению благой Дхаммы, как зарождение усердия. ",
  "an1.117:1.2": "Зарождение усердия ведёт к продолжительности, не-упадку и не-исчезновению благой Дхаммы”.",
  "an1.117:1.3": "Двадцатая.",
  "an1.118-128:1.0": "21-31",
  "an1.118-128:1.1": "“Я не наблюдаю, монахи, ни одной другой вещи, которая настолько вела бы к упадку и исчезновению благой Дхаммы, как сильное желание… малое количество желаний… отсутствие довольствования… довольствование… не фундаментальное представление… фундаментальное представление… бесознательность… сознательлность… дружба с плохим… дружба с хорошим… связанность с неблагими качествам и не-связанность с благими качествами.",
  "an1.118-128:1.2": "Связанность, монахи, с неблагими качествам и не-связанность с благими качествами.ведёт к упадку и исчезновению благой Дхаммы”.",
  "an1.118-128:1.3": "Тридцать Первая.",
  "an1.129:1.0": "32",
  "an1.129:1.1": "“Я не наблюдаю, монахи, ни одной другой вещи, которая настолько вела бы к упадку и исчезновению благой Дхаммы, как не-связанность с неблагими качествам и связанность с благими качествами.",
  "an1.129:1.2": "Не-связанность, монахи, с неблагими качествам и связанность с благими качествами.ведёт к упадку и исчезновению благой Дхаммы”.",
  "an1.129:1.3": "Тридцать Вторая.",
  "an1.129:1.4": "Чатуккотика окончена.",
  "an1.130:1.0": "33",
  "an1.130:1.1": "“Те, монахи, монахи, которые объясняют не-Дхамму как Дхамму, действуют ради вреда многих людей, ради несчастья многих людей, ради погибели, вреда, и боли многих людей и божеств. ",
  "an1.130:1.2": "Эти монахи порождают множество неблагого и делают так, что эта благая Дхамма исчезает”. ",
  "an1.130:1.3": "Тридцать Третья.",
  "an1.131:1.0": "34",
  "an1.131:1.1": "“Те, монахи, монахи, которые объясняют Дхамму как не-Дхамму, действуют ради вреда многих людей, ради несчастья многих людей, ради погибели, вреда, и боли многих людей и божеств. ",
  "an1.131:1.2": "Эти монахи порождают множество неблагого и делают так, что эта благая Дхамма исчезает”. ",
  "an1.131:1.3": "Тридцать Четвёртая.",
  "an1.132-139:1.0": "35-42",
  "an1.132-139:1.1": "“Те, монахи, монахи, которые объясняют не-Винаю как Винаю… Винаю как не-Винаю… то, что не было утверждено и сказано Татхагатой как утверждённое… то, что было утверждено и сказано Татхагатой как не утверждённое… то, что не практиковалось Татхагатой как то, что практиковалось им… то, что практиковалось Татхагатой как то, что не практиковалось им… то, что не было предписано Татхагатой как то, что было предписано им… то, что было предписано Татхагатой как то, что не было предписано им, ",
  "an1.132-139:1.2": "действуют ради вреда многих людей, ради несчастья многих людей, ради погибели, вреда, и боли многих людей и божеств. ",
  "an1.132-139:1.3": "Эти монахи порождают множество неблагого и делают так, что эта благая Дхамма исчезает”. ",
  "an1.132-139:1.4": "Сорок Вторая.",
  "an1.132-139:1.5": "Вторая Глава начинающаяся с Памада Десятая."
}