{
  "an1.287:0.1": "Восходящие Наставления 1.287-295",
  "an1.287:0.2": "Глава Третья",
  "an1.287:1.0": "1",
  "an1.287:1.1": "“Монахи, не может быть такого, немыслимо, чтобы нежелательный, нежеланный, неприятный результат мог бы произойти из благого телесного поведения. Нет такой возможности. ",
  "an1.287:1.2": "Но может быть так, что желаемый, желанный, приятный результат произойдёт из благого телесного поведения. Есть такая возможность”.",
  "an1.288-289:1.0": "2-3",
  "an1.288-289:1.1": "из словесного благого поведения… умственного благого поведения…",
  "an1.288-289:1.2": "из умственного благого поведения…",
  "an1.290:1.0": "4",
  "an1.290:1.1": "“Монахи, не может быть такого, немыслимо, чтобы человек, который пускается в неблагое телесное поведение, в этом случае, по этой причине, с распадом тела, после смерти, переродился бы в благом уделе, в небесном мире. Нет такой возможности. ",
  "an1.290:1.2": "Но может быть так, что человек, который пускается в неблагое телесное поведение… переродится в состоянии лишений, в плохом уделе, в нижних мирах, в аду. Есть такая возможность”.",
  "an1.291-292:1.0": "5-6",
  "an1.291-292:1.1": "в словесное неблагое поведение… умственное неблагое поведение…",
  "an1.291-292:1.2": "умственное неблагое поведение…",
  "an1.293:1.0": "7",
  "an1.293:1.1": "“Монахи, не может быть такого, немыслимо, чтобы человек, который пускается в благое телесное поведение, в этом случае, по этой причине, с распадом тела, после смерти, переродился бы в состоянии лишений, в плохом уделе, в нижних мирах, в аду. Нет такой возможности. ",
  "an1.293:1.2": "Но может быть так, что человек, который пускается в благое телесное поведение… переродится в благом уделе, в небесном мире. Есть такая возможность”.",
  "an1.294-295:1.0": "8-9",
  "an1.294-295:1.1": "из словесного благого поведения… умственного благого поведения…",
  "an1.294-295:1.2": "из умственного благого поведения…",
  "an1.294-295:1.3": "Глава Третья.",
  "an1.294-295:1.4": "Аттханапали закончена."
}