{
  "an1.248:0.1": "Восходящие Наставления 1.248-257",
  "an1.248:0.2": "Глава Шестая",
  "an1.248:1.1": "“Монахи, самыми выдающимися моими учениками среди мирян в плане того, кто первым принял прибежище, являются купцы Тапусса и Бхаллика.",
  "an1.249:1.1": "…среди мирян, которые являются жертвователями, является домохозяин Судатта Анатхапиндика”.",
  "an1.250:1.1": "…среди мирян, которые являются ораторами Дхаммы, является домохозяин Читта из Маччхикасанды”.",
  "an1.251:1.1": "…среди мирян, которые используют четыре средства привлечения и поддержания других, является Хаттхака из Алави”.",
  "an1.252:1.1": "…среди мирян, которые дарят превосходные [вещи], является Маханама из клана Сакьев”.",
  "an1.253:1.1": "…среди мирян, которые дарят приятные [вещи], является Угга из Весали”.",
  "an1.254:1.1": "…среди мирян, которые прислуживают Сангхе, является домохозяин Уггата”.",
  "an1.255:1.1": "…среди мирян, которые обладают непоколебимым доверием, является Сура Амбаттха”.",
  "an1.256:1.1": "…среди мирян, которые обладают доверием к людям, является Дживака Комарабхачча”.",
  "an1.257:1.1": "…среди мирян, у которых есть вера, является домохозяин Накулапита”.",
  "an1.257:1.2": "Глава Шестая."
}