{
  "an3.13:0.1": "Восходящие Наставления 3.13",
  "an3.13:0.2": "Глава Ратхакара",
  "an3.13:0.3": "Сутта Монах",
  "an3.13:1.1": "“Монахи, в мире есть эти три типа личностей. ",
  "an3.13:1.2": "Какие три? ",
  "an3.13:1.3": "Тот, у кого нет ожиданий, тот, кто полон ожиданий, тот, кто преодолел ожидания. ",
  "an3.13:1.4": "И каков, монахи, человек, у которого нет ожиданий? ",
  "an3.13:1.5": "Вот некий человек переродился в низшей семье - семье чандал, работников по бамбуку, охотников, изготовителей повозок, собирателей цветов [т.е.] в бедной семье, в которой мало еды и питья, и одежда добывается с трудом. ",
  "an3.13:1.6": "И он безобразен, некрасив, уродлив, [одолеваем] хроническими болезнями- плохо видит, калека, хромой или парализован. Он не тот, кто получает еду, напитки, одежду и средства передвижения; гирлянды, благовония, мази; постели, жилища и лампы. ",
  "an3.13:1.7": "Он слышит: ",
  "an3.13:1.8": "“Кхаттии помазали на царствование такого-то и такого-то кхаттия”. ",
  "an3.13:1.9": "Мысль не приходит к нему: ",
  "an3.13:1.10": "“Когда же и меня тоже помажут на царствование кхаттии?” ",
  "an3.13:1.11": "Такой зовётся человеком, который не имеет ожиданий. ",
  "an3.13:2.1": "И каков человек, который полон ожиданий? ",
  "an3.13:2.2": "Вот старший сын помазанного на царствование кхаттийского царя, тот, кто [только ещё] будет помазан [на царствование], но ещё не помазан – достиг непреклонности [в этом вопросе]. ",
  "an3.13:2.3": "Он слышит: ",
  "an3.13:2.4": "“Кхаттии помазали на царствование такого-то и такого-то кхаттия”. ",
  "an3.13:2.5": "Мысль приходит к нему: ",
  "an3.13:2.6": "“Когда же и меня тоже помажут на царствование кхаттии?” ",
  "an3.13:2.7": "Такой зовётся человеком, который, полон ожиданий. ",
  "an3.13:3.1": "И каков человек, который преодолел ожидания? ",
  "an3.13:3.2": "Вот помазанный на царствование кхаттийский царь. ",
  "an3.13:3.3": "Он слышит: ",
  "an3.13:3.4": "“Кхаттии помазали на царствование такого-то и такого-то Кхаттия”. ",
  "an3.13:3.5": "Мысль не приходит к нему: ",
  "an3.13:3.6": "“Когда же и меня тоже помажут на царствование кхаттии” ",
  "an3.13:3.7": "И почему? ",
  "an3.13:3.8": "Потому что его прошлое ожидание утихло, когда его помазали на царствование. ",
  "an3.13:3.9": "Такой зовётся человеком, который преодолел ожидания. ",
  "an3.13:3.10": "Таковы три типа личностей, существующих в мире. ",
  "an3.13:4.1": "Точно также, монахи, в мире есть три типа личностей среди монахов. ",
  "an3.13:4.2": "Какие три? ",
  "an3.13:4.3": "Тот, у кого нет ожиданий, тот, кто полон ожиданий, и тот, кто преодолел ожидания. ",
  "an3.13:4.4": "И каков, монахи, человек, у которого нет ожиданий? ",
  "an3.13:4.5": "Вот некий человек безнравственный, с плохим характером, нечист и подозрителен в поведении, скрытен в своих делах, не отшельник, хотя и заявляет о себе как о таковом, не соблюдает целомудрия, хотя заявляет о себе как о таковом внутренне прогнивший, порочный, развращённый. ",
  "an3.13:4.6": "Он слышит: ",
  "an3.13:4.7": "“Такой-то и такой-то монах за счёт уничтожения пятен [умственных загрязнений] прямо [здесь и сейчас] в этой самой жизни вошёл и пребывал в незапятнанном освобождении ума, освобождении мудростью, напрямую зная и проявляя это для себя самостоятельно”. ",
  "an3.13:4.8": "Мысль не приходит к нему: ",
  "an3.13:4.9": "“Когда же и я тоже за счёт уничтожения пятен… проявляя это для себя самостоятельно?” ",
  "an3.13:4.10": "Такой зовётся человеком, который не имеет ожиданий. ",
  "an3.13:5.1": "И каков человек, который полон ожиданий? ",
  "an3.13:5.2": "Вот монах нравственный, с хорошим характером. ",
  "an3.13:5.3": "Он слышит: ",
  "an3.13:5.4": "“Такой-то и такой-то монах за счёт уничтожения пятен [умственных загрязнений] прямо [здесь и сейчас] в этой самой жизни вошёл и пребывал в незапятнанном освобождении ума, освобождении мудростью, напрямую зная и проявляя это для себя самостоятельно”. ",
  "an3.13:5.5": "Мысль приходит к нему: ",
  "an3.13:5.6": "“Когда же и я тоже за счёт уничтожения пятен… проявляя это для себя самостоятельно?” ",
  "an3.13:5.7": "Такой зовётся человеком, который полон ожиданий. ",
  "an3.13:6.1": "И каков человек, который преодолел ожидания? ",
  "an3.13:6.2": "Вот монах, арахант, чьи пятна [умственных загрязнений] уничтожены. ",
  "an3.13:6.3": "Он слышит: ",
  "an3.13:6.4": "“Такой-то и такой-то монах за счёт уничтожения пятен прямо [здесь и сейчас] в этой самой жизни вошёл и пребывал в незапятнанном освобождении ума, освобождении мудростью, напрямую зная и проявляя это для себя самостоятельно”. ",
  "an3.13:6.5": "Мысль не приходит к нему: ",
  "an3.13:6.6": "“Когда же и я тоже за счёт уничтожения пятен… проявляя это для себя самостоятельно?” ",
  "an3.13:6.7": "И почему? ",
  "an3.13:6.8": "Потому что его прошлое ожидание освобождения утихло, когда он освободился. ",
  "an3.13:6.9": "Такой зовётся человеком, который преодолел ожидания. ",
  "an3.13:6.10": "Таковы, монахи, три типа личностей среди монахов”. ",
  "an3.13:6.11": "Третья."
}