{
  "an3.156:0.1": "Восходящие Наставления 3.156-162",
  "an3.156:0.2": "Глава Без Одежды",
  "an3.156:0.3": "",
  "an3.156:1.1": "“Монахи, есть три пути практики.",
  "an3.156:1.2": "Какие три?",
  "an3.156:1.3": "Грубый путь практики, насильственный путь практики, срединный путь практики.",
  "an3.156:1.4": "И что такое, монахи, грубый путь практики?",
  "an3.156:1.5": "Вот некий человек придерживается такой доктрины и такого воззрения как это:",
  "an3.156:1.6": "“Нет изъяна в чувственных удовольствиях”,",
  "an3.156:1.7": "и затем пускается в потакание чувственным удовольствиям.",
  "an3.156:1.8": "Это называется грубым путём практики.",
  "an3.156:2.1": "И что такое насильственный путь практики?",
  "an3.156:2.2": "Бывает так, когда некий человек ходит голым, отвергает условности, лижет свои руки, не идёт, когда его зовут, не остаётся, когда его просят. Он не принимает пищу, поднесённую ему или специально приготовленную для него, не принимает приглашения на обед.",
  "an3.156:2.3": "Он не принимает ничего из горшка или чаши. Он не принимает ничего через порог, через палку, через пестик [ступы]. Он не принимает ничего от двух обедающих [вместе] людей, от беременной женщины, от кормящей женщины, от женщины, живущей с мужчиной. Он не принимает ничего с того места, где объявлено о раздаче еды, с того места, где сидит собака или где летают мухи. Он не принимает рыбу или мясо. Он не пьёт спиртного, вина или забродивших напитков.",
  "an3.156:2.4": "Он ограничивает себя одним домом [во время сбора подаяний] и одним небольшим кусочком пищи, или двумя домами и двумя небольшими кусочками…семью домами и семью небольшими кусочками пищи.",
  "an3.156:2.5": "Он ест только одну тарелку еды в день, две… семь тарелок еды в день.",
  "an3.156:2.6": "Он принимает пищу только один раз в день, один раз в два дня… один раз в семь дней, и так вплоть до двух недель, практикуя ограничение в приёме пищи в установленных промежутках.",
  "an3.156:3.1": "Он ест [только] зелень; или просо; или дикий рис; или обрезки шкуры; или мох; или рисовые отруби; или рисовую накипь; или кунжутную муку; или траву; или коровий навоз. Он живёт на лесных кореньях и фруктах. Он кормится упавшими фруктами.",
  "an3.156:4.1": "Он носит одежду из пеньки, из парусины, из савана, из выброшенных лохмотьев, из древесной коры, из шкур антилопы, из обрезков шкур антилопы, из травы кусы, из материала из коры, из материала из стружек; [носит] накидку, [сделанную] из волос с головы, из шерсти дикого животного, из совиных крыльев.",
  "an3.156:4.2": "Он выдёргивает волосы и бороду, он практикует вырывание собственных волос и бороды.",
  "an3.156:4.3": "Он тот, кто постоянно стоит, отвергая сиденья.",
  "an3.156:4.4": "Он сидит, охватывая колени руками, он практикует усердие в сидении с охватыванием коленей руками.",
  "an3.156:4.5": "Он лежит на матрацах с шипами, он устраивает свою постель на матраце с шипами.",
  "an3.156:4.6": "Он пребывает, посвящая себя практике купания в воде три раза в день, в том числе вечером.",
  "an3.156:4.7": "Вот такими многочисленными способами он осуществляет практику мучения и умерщвления тела.",
  "an3.156:4.8": "Это называется насильственным путём практики.",
  "an3.156:5.1": "И что такое срединный путь практики?",
  "an3.156:5.2": "Вот монах пребывает в созерцании тела в теле, будучи старательным, бдительным, осознанным, отбросив влечение и недовольство в отношении мира.",
  "an3.156:5.3": "Он пребывает в созерцании чувств в чувствах…",
  "an3.156:5.4": "ума в уме…",
  "an3.156:5.5": "феноменов в феноменах – будучи старательным, бдительным, осознанным, отбросив влечение и недовольство в отношении мира.",
  "an3.156:5.6": "Это называется срединным путём практики.",
  "an3.156:5.7": "Таковы, монахи, три вида практики”.",
  "an3.157:1.1": "“Монахи, есть три пути практики.",
  "an3.157:1.2": "Какие три?",
  "an3.157:1.3": "Грубый путь практики, насильственный путь практики, срединный путь практики.",
  "an3.157:1.4": "И что такое, монахи, грубый путь практики?…",
  "an3.157:1.5": "Это называется грубым путём практики.",
  "an3.157:2.1": "И что такое насильственный путь практики?…",
  "an3.157:2.2": "Это называется насильственным путём практики.",
  "an3.157:3.1": "И что такое срединный путь практики?",
  "an3.157:3.2": "“Вот монах порождает желание к не-возникновению невозникших плохих, неблагих состояний [ума]. Он прилагает усилие, порождает усердие, направляет на это ум, старается.",
  "an3.157:3.3": "Он порождает желание к отбрасыванию возникших плохих, неблагих состояний. Он прилагает усилие, порождает усердие, направляет на это ум, старается.",
  "an3.157:3.4": "Он порождает желание к возникновению невозникших благих состояний. Он прилагает усилие, порождает усердие, направляет на это ум, старается.",
  "an3.157:3.5": "Он порождает желание к поддержанию возникших благих состояний, к их не-угасанию, увеличению, разрастанию, осуществлению посредством развития. Он прилагает усилие, порождает усердие, направляет на это ум, старается”…",
  "an3.158:1.1": "“Вот монах развивает основу сверхъестественной силы, которая наделена сосредоточением из-за желания и формирователей старания.",
  "an3.158:1.2": "Он развивает основу сверхъестественной силы, которая наделена сосредоточением из-за усердия и формирователей старания.",
  "an3.158:1.3": "Он развивает основу сверхъестественной силы, которая наделена сосредоточением из-за ума и формирователей старания.",
  "an3.158:1.4": "Он развивает основу сверхъестественной силы, которая наделена сосредоточением из-за исследования и формирователей старания”…",
  "an3.159:1.1": "“Вот монах развивает качество веры,",
  "an3.159:1.2": "качество усердия,",
  "an3.159:1.3": "качество осознанности,",
  "an3.159:1.4": "качество сосредоточения,",
  "an3.159:1.5": "качество мудрости”…",
  "an3.160:1.1": "“Вот монах развивает силу веры,",
  "an3.160:1.2": "силу усердия,",
  "an3.160:1.3": "силу осознанности,",
  "an3.160:1.4": "силу сосредоточения,",
  "an3.160:1.5": "силу мудрости”…",
  "an3.161:1.1": "“Вот монах развивает осознанность как фактор просветления,",
  "an3.161:1.2": "исследование феноменов как фактор просветления,",
  "an3.161:1.3": "усердие как фактор просветления,",
  "an3.161:1.4": "восторг как фактор просветления,",
  "an3.161:1.5": "успокоение как фактор просветления,",
  "an3.161:1.6": "сосредоточение как фактор просветления,",
  "an3.161:1.7": "невозмутимость как фактор просветления”…",
  "an3.162:1.1": "Правильный взгляд…",
  "an3.162:1.2": "правильное намерение-заготовка…",
  "an3.162:1.3": "правильная речь…",
  "an3.162:1.4": "правильные действия…",
  "an3.162:1.5": "правильные быт…",
  "an3.162:1.6": "правильное старание…",
  "an3.162:1.7": "правильное памятование…",
  "an3.162:1.8": "правильное объединение опыта…",
  "an3.162:1.9": "Это называется срединным путём практики.",
  "an3.162:1.10": "Таковы, монахи, три вида практики”.",
  "an3.162:1.11": "Глава Без Одежды Шестая.",
  "an3.162:2.0": "Оглавление",
  "an3.162:2.1": "",
  "an3.162:2.2": "",
  "an3.162:2.3": "",
  "an3.162:2.4": ""
}