{
  "an3.108:0.1": "Восходящие Наставления 3.108",
  "an3.108:0.2": "Глава Самбодха",
  "an3.108:0.3": "Сутта Нет насыщения",
  "an3.108:1.1": "“Монахи, есть три вещи, потакание которым не приносит насыщения. ",
  "an3.108:1.2": "Какие три? ",
  "an3.108:1.3": "Если потакать сну, то это не принесёт насыщения. ",
  "an3.108:1.4": "Если потакать [распитию] вина и спиртного, то это не принесёт насыщения. ",
  "an3.108:1.5": "Если потакать половому сношению, то это не принесёт насыщения. ",
  "an3.108:1.6": "Таковы три вещи, потакание которым не приносит насыщения”.",
  "an3.108:1.7": "Шестая."
}