{
  "an3.145:0.1": "Восходящие Наставления 3.145",
  "an3.145:0.2": "Глава Йодхаджива",
  "an3.145:0.3": "Сутта Павлиний Заповедник Третья",
  "an3.145:1.1": "Монахи, обладая другими тремя качествами, монах является лучшим среди богов и людей… обрёл окончательное осуществление. ",
  "an3.145:1.2": "Какими тремя?",
  "an3.145:1.3": "правильными воззрениями; правильным знанием; правильным освобождением.",
  "an3.145:1.4": "Обладая этими тремя качествами, монах является лучшим среди богов и людей… обрёл окончательное осуществление.",
  "an3.145:1.5": "Тринадцатая.",
  "an3.145:1.6": "Глава Йодхаджива Четырнадцатая",
  "an3.145:2.0": "Оглавление",
  "an3.145:2.1": "",
  "an3.145:2.2": "",
  "an3.145:2.3": "",
  "an3.145:2.4": ""
}