{
  "an3.114:0.1": "Восходящие Наставления 3.114",
  "an3.114:0.2": "Глава Апаика",
  "an3.114:0.3": "Сутта Редкие",
  "an3.114:1.1": "“Монахи, эти трое редки в мире. ",
  "an3.114:1.2": "Какие трое? ",
  "an3.114:1.3": "Появление Татхагаты, Араханта, Полностью Просветлённого является редким в мире. Тот, кто может учить Дхамме и Винае, которые были провозглашены Татхагатой, является редким в мире. Признательный и благодарный человек является редким в мире. ",
  "an3.114:1.4": "Появление этих троих является редким в мире”.",
  "an3.114:1.5": "Вторая."
}