{
  "an3.3:0.1": "Восходящие Наставления 3.3",
  "an3.3:0.2": "Глава Бала",
  "an3.3:0.3": "Сутта Думающий",
  "an3.3:1.1": "“Монахи, у глупца есть эти три характерные черты глупца, отметины глупца, проявления глупца. ",
  "an3.3:1.2": "Какие три? ",
  "an3.3:1.3": "Глупец плохо думает, плохо говорит, плохо поступает. ",
  "an3.3:1.4": "Если глупец не думал бы плохо, не говорил бы плохо, не поступал бы плохо, то разве мудрые люди знали бы о нём: ",
  "an3.3:1.5": "“Этот парень – глупец, плохой человек”? ",
  "an3.3:1.6": "Но именно потому, что глупец плохо думает, плохо говорит, плохо поступает, мудрые люди знают о нём: ",
  "an3.3:1.7": "“Этот парень – глупец, плохой человек”. ",
  "an3.3:1.8": "Таковы у глупца три характерные черты глупца, отметины глупца, проявления глупца.",
  "an3.3:2.1": "У мудреца есть эти три характерные черты мудреца, отметины мудреца, проявления мудреца. ",
  "an3.3:2.2": "Какие три? ",
  "an3.3:2.3": "Мудрец хорошо думает, хорошо говорит, хорошо поступает. ",
  "an3.3:2.4": "Если мудрец не думал бы хорошо, не говорил бы хорошо, не поступал бы хорошо, то разве мудрые люди знали бы о нём: ",
  "an3.3:2.5": "“Этот парень – мудрец, хороший человек”? ",
  "an3.3:2.6": "Но именно потому, что мудрец хорошо думает, хорошо говорит, хорошо поступает, мудрые люди знают о нём: ",
  "an3.3:2.7": "“Этот парень – мудрец, хороший человек”. ",
  "an3.3:2.8": "Таковы у мудреца три характерные черты мудреца, отметины мудреца, проявления мудреца.",
  "an3.3:2.9": "Поэтому…",
  "an3.3:2.10": "Третья."
}