{
  "an3.2:0.1": "Восходящие Наставления 3.2",
  "an3.2:0.2": "Глава Бала",
  "an3.2:0.3": "Сутта Характеристика",
  "an3.2:1.1": "“Монахи, глупца характеризуют его поступки. Мудреца характеризуют его поступки. Мудрость сияет в своём проявлении.",
  "an3.2:1.2": "Монахи, того, кто обладает тремя качествами, следует знать глупцом. ",
  "an3.2:1.3": "Какими тремя?",
  "an3.2:1.4": "Телесным неблагим поведением, словесным неблагим поведением, умственным неблагим поведением.",
  "an3.2:1.5": "Того, кто обладает этими тремя качествами, следует знать глупцом. ",
  "an3.2:2.1": "Того, кто обладает [другими] тремя качествами, следует знать мудрецом. ",
  "an3.2:2.2": "Какими тремя? ",
  "an3.2:2.3": "Телесным… словесным… умственным благим поведением. ",
  "an3.2:2.4": "Того, кто обладает этими тремя качествами, следует знать мудрецом.",
  "an3.2:3.1": "Поэтому, монахи, вот как вы должны тренировать себя: ",
  "an3.2:3.2": "“Мы будем избегать трёх качеств, обладая которыми, человек считается глупцом, и мы будем предпринимать и практиковать три качества, обладая которыми, человек считается мудрецом”. ",
  "an3.2:3.3": "Вот как вы должны тренировать себя”.",
  "an3.2:3.4": "Вторая."
}