{
  "an3.5:0.1": "Восходящие Наставления 3.5",
  "an3.5:0.2": "Глава Бала",
  "an3.5:0.3": "Сутта Не-основательный",
  "an3.5:1.1": "“Монахи, того, кто обладает тремя качествами, следует знать глупцом. ",
  "an3.5:1.2": "Какими тремя? ",
  "an3.5:1.3": "Он формулирует вопрос неумело. Он отвечает на вопрос неумело. Когда другой человек отвечает на вопрос умело, с самодостаточными и вразумительными терминами и фразами, он не одобряет его. ",
  "an3.5:1.4": "Того, кто обладает этими тремя качествами, следует знать глупцом.",
  "an3.5:2.1": "Того, кто обладает [другими] тремя качествами, следует знать мудрецом. ",
  "an3.5:2.2": "Какими тремя? ",
  "an3.5:2.3": "Он формулирует вопрос умело. Он отвечает на вопрос умело. Когда другой человек отвечает на вопрос умело, с самодостаточными и вразумительными терминами и фразами, он одобряет его. ",
  "an3.5:2.4": "Того, кто обладает этими тремя качествами, следует знать мудрецом.",
  "an3.5:2.5": "Поэтому…",
  "an3.5:2.6": "Пятая."
}