{
  "an3.1:0.1": "Восходящие Наставления 3.1",
  "an3.1:0.2": "Глава Бала",
  "an3.1:0.3": "Сутта Опасность",
  "an3.1:1.1": "Так я слышал. ",
  "an3.1:1.2": "Однажды Благословенный пребывал в Саваттхи в роще Джеты в монастыре Анатхапиндики. ",
  "an3.1:1.3": "Там Благословенный обратился к монахам: ",
  "an3.1:1.4": "“Монахи!”",
  "an3.1:1.5": "“Достопочтенный!” – ответили те монахи. ",
  "an3.1:1.6": "Благословенный сказал:",
  "an3.1:2.1": "“Монахи, какие бы ни существовали опасности, все они возникают из-за глупца, а не мудреца. ",
  "an3.1:2.2": "Какие бы ни существовали беды… ",
  "an3.1:2.3": "какие бы ни существовали невзгоды, все они возникают из-за глупца, а не мудреца. ",
  "an3.1:2.4": "Подобно тому, как пожар, начавшийся в доме, сделанном из бамбука или травы, сжигает дотла даже дом с остроконечной крышей, покрытый штукатуркой изнутри и снаружи, не пропускающий сквозняков, с запертыми ставнями и засовами – ",
  "an3.1:2.5": "то точно также, какие бы ни существовали опасности… все они возникают из-за глупца, а не мудреца.",
  "an3.1:2.6": "Так, монахи, глупец несёт опасность, мудрец не несёт опасности.",
  "an3.1:2.7": "Глупец несёт беду, мудрец не несёт беды.",
  "an3.1:3.1": "Глупец несёт невзгоду, мудрец не несёт невзгоды.",
  "an3.1:3.2": "От мудреца нет опасности. ",
  "an3.1:3.3": "От мудреца нет беды. ",
  "an3.1:3.4": "От мудреца нет невзгоды. ",
  "an3.1:4.1": "Поэтому, монахи, вот как вы должны тренировать себя: ",
  "an3.1:4.2": "“Мы будем избегать трёх качеств, обладая которыми, человек считается глупцом, и мы будем предпринимать и практиковать три качества, обладая которыми, человек считается мудрецом”. ",
  "an3.1:4.3": "Вот как вы должны тренировать себя”.",
  "an3.1:4.4": "Первая."
}