{
  "an3.151:0.1": "Восходящие Наставления 3.151",
  "an3.151:0.2": "Глава Мангала",
  "an3.151:0.3": "Сутта Изувеченный Первая",
  "an3.151:1.1": "“Монахи, обладая тремя качествами, глупый, несведущий, плохой человек содержит себя в изувеченном и искалеченном состоянии. Он достоин порицания и критики со стороны мудрых. И он порождает множество неблагих заслуг.",
  "an3.151:1.2": "Достойным порицания телесным действием, достойным порицания словесным действием, достойным порицания умственным действием.",
  "an3.151:2.1": "Обладая этими тремя… порождает множество неблагих заслуг.",
  "an3.151:2.2": "Безукоризненным телесным действием… словесным… умственным.",
  "an3.151:2.3": "Шестая."
}