{
  "an3.127:0.1": "Восходящие Наставления 3.127",
  "an3.127:0.2": "Глава Бхаранду",
  "an3.127:0.3": "Сутта Хаттхака",
  "an3.127:1.1": "Однажды Благословенный пребывал в Саваттхи в Роще Джеты в монастыре Анатхапиндики. ",
  "an3.127:1.2": "И когда минула ночь, молодой дэва Хаттхака, освещая всю рощу Джеты, подошёл к Благословенному. Подойдя, [он подумал]: ",
  "an3.127:1.3": "“Встану перед Благословенным”, [но] он утопал, погружался [в землю], не мог оставаться на одном месте. ",
  "an3.127:1.4": "Подобно тому как топлёное масло или обычное масло, пролитое на песок, тонет, погружается [в землю], не может оставаться на одном месте, ",
  "an3.127:1.5": "точно также и молодой дэва Хаттхака, [думая]: ",
  "an3.127:1.6": "“Встану перед Благословенным”, утопал, погружался [в землю], не мог оставаться на одном месте.",
  "an3.127:2.1": "Тогда Благословенный сказал ему: ",
  "an3.127:2.2": "“Создай грубое тело, Хаттхака”.",
  "an3.127:2.3": "“Да, почтенный” – ответил Хаттхака. И тогда он создал [себе] грубое тело, поклонился Благословенному и встал рядом. ",
  "an3.127:2.4": "Затем Благословенный сказал ему:",
  "an3.127:3.1": "“Хаттхака, те учения, которые ты мог бы вспомнить из [своего] прошлого, когда ты был человеком, возвращаются ли к тебе сейчас?”",
  "an3.127:3.2": "“Почтенный, те учения, которые я мог бы вспомнить из [своего] прошлого, когда я был человеком, возвращаются ко мне сейчас. ",
  "an3.127:3.3": "И те учения, которые я не мог бы вспомнить из [своего] прошлого, когда я был человеком, возвращаются ко мне сейчас. ",
  "an3.127:3.4": "Подобно тому, как сейчас Благословенный окружён монахами, монахинями, мирянами и мирянками, царями и царскими министрами, учителями других учений и их учениками, ",
  "an3.127:3.5": "точно также и я сейчас окружён другими молодыми дэвами. ",
  "an3.127:3.6": "Эти дэвы приходят ко мне даже издалека, [думая]: “Послушаем Дхамму от молодого дэвы Хаттхаки”.",
  "an3.127:3.7": "Господин, я умер, будучи ненасытным и неутомимым в трёх вещах. ",
  "an3.127:3.8": "В каких трёх? ",
  "an3.127:3.9": "Я умер, будучи ненасытным и неутомимым в посещении Благословенного. ",
  "an3.127:3.10": "Я умер, будучи ненасытным и неутомимым в слушании благой Дхаммы. ",
  "an3.127:3.11": "Я умер, будучи ненасытным и неутомимым в услужении Сангхе. ",
  "an3.127:3.12": "Я умер, будучи ненасытным и неутомимым в этих трёх вещах”. ",
  "an3.127:4.1": "“Насытиться никак не мог",
  "an3.127:4.2": "Я посещением Благословенного,",
  "an3.127:4.3": "Слушанием благородной Дхаммы,",
  "an3.127:4.4": "А также услужением Сангхе.",
  "an3.127:5.1": "И в нравственности высшей тренируясь,",
  "an3.127:5.2": "Я радовался, слушая благую Дхамму.",
  "an3.127:5.3": "Ради Авихи мир Хаттхака сей покинул,",
  "an3.127:5.4": "В вещах трёх этих насыщения не получив”.",
  "an3.127:5.5": "Пятая."
}