{
  "an3.18:0.1": "Восходящие Наставления 3.18",
  "an3.18:0.2": "Глава Ратхакара",
  "an3.18:0.3": "Сутта Мир Дэвов",
  "an3.18:1.1": "“Монахи, если странники-приверженцы других учений спросили бы вас: ",
  "an3.18:1.2": "“Друзья, вы ведёте святую жизнь под [учительством] отшельника Готамы ради перерождения в мире дэвов?” – ",
  "an3.18:1.3": "то [в этом случае] разве не ощутили бы вы отторжения, унижения, отвращения?”",
  "an3.18:1.4": "“Так оно, почтенный”.",
  "an3.18:1.5": "“Поэтому, монахи, поскольку вы чувствуете отторжение, унижение, отвращение по отношению к небесному жизненному сроку, небесной красоте, небесному счастью, небесной славе, и небесному владычеству, ",
  "an3.18:1.6": "то куда больше отторжения, унижения, отвращения вы должны ощущать к телесному неблагому поведению, словесному неблагому поведению, умственному неблагому поведению”.",
  "an3.18:1.7": "Восьмая."
}