{
  "an3.136:0.1": "Восходящие Наставления 3.136",
  "an3.136:0.2": "Глава Йодхаджива",
  "an3.136:0.3": "Сутта Возникновение",
  "an3.136:1.1": "“Монахи, возникают ли [в мире] Татхагаты или нет, имеет место этот закон, эта устойчивость Дхаммы, это непреложное течение Дхаммы:",
  "an3.136:1.2": "“Все обусловленные феномены непостоянны”.",
  "an3.136:1.3": "Татхагата пробудился в это и пробился к этому.",
  "an3.136:1.4": "Затем он объясняет, обучает, провозглашает, утверждает, раскрывает, рассматривает и проясняет это так:",
  "an3.136:1.5": "“Все обусловленные феномены непостоянны”.",
  "an3.136:1.6": "Монахи, возникают ли [в мире] Татхагаты или нет, имеет место этот закон, эта устойчивость Дхаммы, это непреложное течение Дхаммы:",
  "an3.136:1.7": "“Все обусловленные феномены болезненны”.",
  "an3.136:1.8": "Татхагата пробудился в это и пробился к этому.",
  "an3.136:1.9": "Затем он объясняет, обучает, провозглашает, утверждает, раскрывает, рассматривает и проясняет это так:",
  "an3.136:1.10": "“Все обусловленные феномены болезненны”.",
  "an3.136:1.11": "Монахи, возникают ли [в мире] Татхагаты или нет, имеет место этот закон, эта устойчивость Дхаммы, это непреложное течение Дхаммы:",
  "an3.136:1.12": "“Все феномены безличностны”.",
  "an3.136:1.13": "Татхагата пробудился в это и пробился к этому.",
  "an3.136:1.14": "Затем он объясняет, обучает, провозглашает, утверждает, раскрывает, рассматривает и проясняет это так:",
  "an3.136:1.15": "“Все феномены безличностны”.",
  "an3.136:1.16": "Четвёртая."
}