{
  "an3.12:0.1": "Восходящие Наставления 3.12",
  "an3.12:0.2": "Глава Ратхакара",
  "an3.12:0.3": "Сутта Нужно помнить",
  "an3.12:1.1": "“Монахи, есть эти три [места], которые помазанный на царствование кхаттийский царь должен помнить всю свою жизнь. ",
  "an3.12:1.2": "Какие три? ",
  "an3.12:1.3": "Где он родился.",
  "an3.12:1.4": "Первое место.",
  "an3.12:2.1": "Где его помазали на царствование. ",
  "an3.12:2.2": "Второе место.",
  "an3.12:3.1": "Где, выиграв сражение, он выходит победителем на поле боя. ",
  "an3.12:3.2": "И третье место.",
  "an3.12:3.3": "Таковы три [места], которые помазанный на царствование кхаттийский царь должен помнить всю свою жизнь. ",
  "an3.12:4.1": "Точно также, монахи, есть эти три [места], которые монах должен помнить всю свою жизнь. ",
  "an3.12:4.2": "Какие три? ",
  "an3.12:4.3": "Где он обрил волосы и бороду, надел жёлтые одежды, и покинул жизнь домохозяйскую ради жизни бездомной. ",
  "an3.12:4.4": "Первое место.",
  "an3.12:5.1": "Где он понял в соответствии с действительностью: “Это - боль”, и “Это - схождение боли”, и “Это - истечение боли”, и “Это - к истечению боли ведущая практика”. ",
  "an3.12:5.2": "Второе место.",
  "an3.12:6.1": "Где за счёт уничтожения пятен [умственных загрязнений], прямо [здесь и сейчас] в этой самой жизни он вошёл и пребывал в незапятнанном освобождении ума, освобождении мудростью, напрямую зная и проявляя это для себя самостоятельно. ",
  "an3.12:6.2": "Третье место.",
  "an3.12:6.3": "Таковы три [места], которые монах должен помнить всю свою жизнь”. ",
  "an3.12:6.4": "Вторая."
}