{
  "an3.7:0.1": "Восходящие Наставления 3.7",
  "an3.7:0.2": "Глава Бала",
  "an3.7:0.3": "Сутта Укоризненный",
  "an3.7:1.1": "“Монахи, того, кто обладает тремя качествами, следует знать глупцом. ",
  "an3.7:1.2": "Какими тремя?",
  "an3.7:1.3": "Укоризненным телесным поведением, укоризненным словесным поведением, укоризненным умственным поведением…Безукоризненным телесным… словесным… умственным поведением. ",
  "an3.7:1.4": "Седьмая."
}