{
  "an3.130:0.1": "Восходящие Наставления 3.130",
  "an3.130:0.2": "Глава Кусинара",
  "an3.130:0.3": "Вторая Сутта Ануруддха",
  "an3.130:1.1": "И тогда Достопочтенный Ануруддха подошёл к Достопочтенному Сарипутте и обменялся с ним вежливыми приветствиями. ",
  "an3.130:1.2": "После обмена вежливыми приветствиями и любезностями он сел рядом и сказал Достопочтенному Сарипутте:",
  "an3.130:1.3": "“Друг Сарипутта, божественным глазом, очищенным и превосходящим человеческий, я обозреваю тысячный мир. ",
  "an3.130:1.4": "Во мне зарождено неослабевающее усердие. У меня утверждена незамутнённая осознанность. Моё тело безмятежно и не взволновано. Мой ум сосредоточен и однонаправлен. ",
  "an3.130:1.5": "Но всё же мой ум всё ещё не освобождён от пятен [умственных загрязнений] посредством не-цепляния”.",
  "an3.130:2.1": "“Друг Ануруддха, когда ты думаешь: ",
  "an3.130:2.2": "“Божественным глазом, очищенным и превосходящим человеческий, я обозреваю системы тысячи миров” – это твоё самомнение.",
  "an3.130:2.3": "Когда ты думаешь: ",
  "an3.130:2.4": "“Во мне зарождено неослабевающее усердие. У меня утверждена незамутнённая осознанность. Моё тело безмятежно и не взволновано. Мой ум сосредоточен и однонаправлен” – это твоя возбужденность.",
  "an3.130:2.5": "Когда ты думаешь: ",
  "an3.130:2.6": "“Но всё же мой ум всё ещё не освобождён от пятен [умственных загрязнений] посредством не-цепляния” – это твоё сожаление.",
  "an3.130:2.7": "Было бы хорошо, если бы ты отбросил эти три качества и перестал уделять бы им внимание. Вместо этого направь свой ум на бессмертный дхату”.",
  "an3.130:3.1": "И затем, спустя какое-то время, Достопочтенный Ануруддха отбросил эти три качества и перестал уделять им внимание. Вместо этого он направил свой ум на бессмертный дхату. ",
  "an3.130:3.2": "И затем, вскоре, пребывая в одиночестве, в уединении, будучи старательным, бдительным, решительным, реализовав это для себя посредством прямого знания, Достопочтенный Ануруддха здесь и сейчас вошёл и пребывал в высочайшей цели святой жизни, ради которой представители клана праведно оставляют жизнь домохозяина и ведут жизнь бездомную. ",
  "an3.130:3.3": "Он напрямую познал: “Рождение изношено, святая жизнь достигнута, сделано то, что должно сделать, не будет другого индивидуального существования”. ",
  "an3.130:3.4": "Так Достопочтенный Ануруддха стал одним из арахантов.",
  "an3.130:3.5": "Восьмая."
}