{
  "an3.38:0.1": "Восходящие Наставления 3.38",
  "an3.38:0.2": "Глава Посланник Божеств",
  "an3.38:0.3": "Сутта Четыре Великих Царя Вторая",
  "an3.38:1.1": "“Монахи, как-то раз, когда Сакка, царь дэвов, руководил дэвами Таватимсы, он произнёс эту строфу:",
  "an3.38:2.1": "“Если кто хочет быть таким, как я,",
  "an3.38:2.2": "Упóсатху он должен соблюдать,",
  "an3.38:2.3": "Что факторами восемью полна,",
  "an3.38:2.4": "На день, что в половине месяца восьмой,",
  "an3.38:2.5": "Пятнадцатый, четырнадцатый день,",
  "an3.38:2.6": "А также и в особенные дни”.",
  "an3.38:3.1": "Эту строфу, монахи, Сакка, царь богов, продекламировал плохо, а не хорошо. Она была сформулирована плохо, а не хорошо. ",
  "an3.38:3.2": "И почему? ",
  "an3.38:3.3": "Потому что Сакка, царь дэвов, не освобождён от рождения, старости и смерти, от печали, стенания, боли, уныния и отчаяния. Он не освобождён от страданий, я говорю вам. ",
  "an3.38:4.1": "Но в случае с монахом, который арахант, чьи пятна [умственных загрязнений] уничтожены, который прожил святую жизнь, сделал то, что следовало сделать, сбросил тяжкий груз, достиг своей цели, полностью уничтожил оковы существования и всецело освободился посредством окончательного знания - именно ему подобает говорить:",
  "an3.38:5.1": "“Если кто хочет быть таким, как я,",
  "an3.38:5.2": "…",
  "an3.38:5.3": "",
  "an3.38:5.4": "",
  "an3.38:5.5": "",
  "an3.38:5.6": "А также и в особенные дни”.",
  "an3.38:6.1": "И почему? ",
  "an3.38:6.2": "Потому что этот монах освобождён от рождения, старости и смерти, от печали, стенания, боли, уныния и отчаяния. Он освобождён от страданий, я говорю вам”.",
  "an3.38:6.3": "Восьмая."
}