{
  "an3.11:0.1": "Восходящие Наставления 3.11",
  "an3.11:0.2": "Глава Ратхакара",
  "an3.11:0.3": "Сутта Известный",
  "an3.11:1.1": "“Монахи, обладая тремя качествами, известный монах действует ради вреда многих, ради несчастья многих, ради погибели, вреда и несчастья многих богов и людей. ",
  "an3.11:1.2": "Какими тремя? ",
  "an3.11:1.3": "Он поощряет их в противоречащем [Дхамме] телесном действии, в противоречащем [Дхамме] словесном действии, и в противоречащих [Дхамме] умственных качествах. ",
  "an3.11:1.4": "Обладая этими тремя качествами, известный монах действует ради вреда многих, ради несчастья многих, ради погибели, вреда и несчастья многих богов и людей. ",
  "an3.11:2.1": "Монахи, обладая тремя качествами известный монах действует ради блага многих, ради счастья многих, ради благополучия, блага и счастья многих богов и людей. ",
  "an3.11:2.2": "Какими тремя? ",
  "an3.11:2.3": "Он поощряет их в согласующемся [с Дхаммой] телесном действии… словесном действии… и в согласующихся [с Дхаммой] умственных качествах. ",
  "an3.11:2.4": "Обладая этими тремя качествами, известный монах действует ради блага многих, ради счастья многих, ради благополучия, блага и счастья многих богов и людей”.",
  "an3.11:2.5": "Первая."
}