{
  "an3.81:0.1": "Восходящие Наставления 3.81",
  "an3.81:0.2": "Глава Шаман",
  "an3.81:0.3": "Сутта Шаман",
  "an3.81:1.1": "“Монахи, есть эти три отшельнические задачи, которые следует практиковать отшельнику. ",
  "an3.81:1.2": "Какие три?",
  "an3.81:1.3": "Осуществление тренировки высшего нравственного поведения. Осуществление тренировки высшего ума. Осуществление тренировки высшей мудрости. ",
  "an3.81:1.4": "Таковы три отшельнические задачи, которые следует практиковать отшельнику.",
  "an3.81:2.1": "Поэтому, монахи, вот как вы должны тренировать себя: ",
  "an3.81:2.2": "“У нас будет острое желание осуществлять тренировку в высшей нравственности… в высшем уме… в высшей мудрости”. ",
  "an3.81:2.3": "Вот как вы должны тренировать себя”.",
  "an3.81:2.4": "Первая."
}