{
  "an3.39:0.1": "Восходящие Наставления 3.39",
  "an3.39:0.2": "Глава Посланник Божеств",
  "an3.39:0.3": "Сутта Утончённость",
  "an3.39:1.1": "“Монахи, меня воспитывали утончённым, необычайно утончённым, неимоверно утончённым. ",
  "an3.39:1.2": "В резиденции моего отца были сделаны лотосовые пруды просто ради моего удовольствия: ",
  "an3.39:1.3": "один с цветущими красными лотосами, другой с цветущими белыми лотосами, и третий с цветущими голубыми лотосами.",
  "an3.39:1.4": "Я не пользовался иным сандаловым деревом, кроме как привезённым из Каси. Мой тюрбан, как и моя туника, нижние одеяния, верхние одеяния были сделаны из касийской ткани. ",
  "an3.39:1.5": "Днём и ночью надо мной держали белый навес, чтобы ",
  "an3.39:1.6": "защитить меня от жары и холода, пыли, травы и росы.",
  "an3.39:2.1": "У меня было три дворца: один для зимнего сезона, один для летнего, один для сезона дождей. ",
  "an3.39:2.2": "Четыре месяца я проводил во дворце для сезона дождей, где меня развлекали музыканты, и среди них [были только женщины и] не было ни одного мужчины. И я ни разу не покидал дворца. ",
  "an3.39:2.3": "Тогда как рабов, слуг и рабочих в других домах кормили разбитым рисом и кислой кашей, в доме моего отца им давали выбранный горный рис, мясо, варёный рис.",
  "an3.39:3.1": "Среди такой роскоши и утончённой жизни мысль пришла ко мне: ",
  "an3.39:3.2": "“Необученный заурядный человек, будучи сам подверженным старости и не способный избежать старости, чувствует отторжение, унижение, отвращение, когда видит того, кто стар, [но в этом случае] он не замечает собственной ситуации. ",
  "an3.39:3.3": "Ведь и я тоже подвержен старости и не способен избежать старости. Поскольку это так, то если бы я ощутил отторжение, унижение, отвращение при виде того, кто стар, то это было бы неподобающе для меня”. ",
  "an3.39:3.4": "И когда я обдумал это, моё опьянение молодостью было всецело отброшено.",
  "an3.39:4.1": "“Необученный заурядный человек, будучи сам подверженным болезням и не способный избежать болезней, чувствует отторжение, унижение, отвращение, когда видит того, кто болен, [но в этом случае] он не замечает собственной ситуации. ",
  "an3.39:4.2": "Ведь и я тоже подвержен болезням и не способен избежать болезней. Поскольку это так, то если бы я ощутил отторжение, унижение, отвращение при виде того, кто болен, то это было бы неподобающе для меня”. ",
  "an3.39:4.3": "И когда я обдумал это, моё опьянение здоровьем было всецело отброшено.",
  "an3.39:5.1": "“Необученный заурядный человек, будучи сам подверженным смерти и не способный избежать смерти, чувствует отторжение, унижение, отвращение, когда видит того, кто умер, [но в этом случае] он не замечает собственной ситуации. ",
  "an3.39:5.2": "Ведь и я тоже подвержен смерти и не способен избежать смерти. Поскольку это так, то если бы я ощутил отторжение, унижение, отвращение при виде того, кто умер, то это было бы неподобающе для меня”. ",
  "an3.39:5.3": "И когда я обдумал это, моё опьянение жизнью было всецело отброшено.",
  "an3.39:6.1": "Монахи, есть такие три вида опьянения. ",
  "an3.39:6.2": "Какие три?",
  "an3.39:6.3": "Опьянение молодостью, опьянение здоровьем, опьянение жизнью.",
  "an3.39:6.4": "Опьянённый молодостью, необученный заурядный человек пускается в неблагое поведение телом, речью, и умом. ",
  "an3.39:6.5": "С распадом тела, после смерти, он перерождается в состоянии лишений, в неблагих уделах, в нижних мирах, в аду. ",
  "an3.39:6.6": "Опьянённый здоровьем… ",
  "an3.39:6.7": "опьянённый жизнью… ",
  "an3.39:6.8": "перерождается в состоянии лишений, в неблагих уделах, в нижних мирах, в аду.",
  "an3.39:7.1": "Опьянённый молодостью, монах оставляет [монашескую] тренировку и возвращается к низшей жизни [домохозяина]. ",
  "an3.39:7.2": "Или опьянённый здоровьем… ",
  "an3.39:7.3": "Или опьянённый жизнью, он оставляет [монашескую] тренировку и возвращается к низшей жизни [домохозяина]”. ",
  "an3.39:8.1": "“Болезням, старости ",
  "an3.39:8.2": "и смерти",
  "an3.39:8.3": "Подвержены ",
  "an3.39:8.4": "простые люди.",
  "an3.39:9.1": "Им отвратительны [все те],",
  "an3.39:9.2": "Кто соответствуют природе.",
  "an3.39:9.3": "Если б имел я отвращение",
  "an3.39:9.4": "Ведь я и сам такой же точно.",
  "an3.39:10.1": "И когда пребывал я так,",
  "an3.39:10.2": "Без обретений зная состояние,",
  "an3.39:10.3": "Здоровьем, молодостью, ",
  "an3.39:10.4": "жизнью – ",
  "an3.39:11.1": "Преодолел все виды опьянений –",
  "an3.39:11.2": "Защиту видя в отречении.",
  "an3.39:11.3": "Возникло рвение во мне,",
  "an3.39:11.4": "Когда увидел я ниббану.",
  "an3.39:12.1": "И неспособен я теперь",
  "an3.39:12.2": "Попасть под наслаждение чувств.",
  "an3.39:12.3": "Назад уже я не вернусь",
  "an3.39:12.4": "Опершись на святую жизнь”.",
  "an3.39:12.5": "Девятая."
}