{
  "an3.23:0.1": "Восходящие Наставления 3.23",
  "an3.23:0.2": "Глава Личность",
  "an3.23:0.3": "Сутта Слагающие",
  "an3.23:1.1": "“Монахи, в мире есть три типа личностей. ",
  "an3.23:1.2": "Какие три?",
  "an3.23:1.3": "Вот монахи, некий человек порождает болезненные телесные волевые формирователи, болезненные словесные волевые формирователи, болезненные умственные волевые формирователи. ",
  "an3.23:1.4": "Вследствие этого он перерождается в болезненном мире. ",
  "an3.23:1.5": "Когда он перерождается в таком мире, его касаются болезненные контакты. ",
  "an3.23:1.6": "Когда его касаются болезненные контакты, он испытывает болезненные чувства, всецело болезненные, как в случае с существами ада.",
  "an3.23:2.1": "Другой человек порождает не-болезненные телесные… словесные… умственные волевые формирователи. ",
  "an3.23:2.2": "Вследствие этого он перерождается в не-болезненном мире. ",
  "an3.23:2.3": "Когда он перерождается в таком мире, его касаются не-болезненные контакты. ",
  "an3.23:2.4": "Когда его касаются не-болезненные контакты, он испытывает не-болезненные чувства, всецело приятные, как в случае с дэвами сверкающего великолепия.",
  "an3.23:3.1": "Ещё другой человек порождает и болезненные, и не-болезненные телесные… словесные… умственные волевые формирователи. ",
  "an3.23:3.2": "Вследствие этого он перерождается в мире, который и болезненный и не-болезненный. ",
  "an3.23:3.3": "Когда он перерождается в таком мире, его касаются и болезненные и не-болезненные контакты. ",
  "an3.23:3.4": "Когда его касаются и болезненные и не-болезненные контакты, он испытывает чувства, которые и болезненные и не-болезненные, смешанные удовольствие и боль, как в случае с человеческими существами, некоторыми дэвами, а также некоторыми существами в нижних мирах.",
  "an3.23:3.5": "Таковы, монахи, три типа личностей, существующих в мире”.",
  "an3.23:3.6": "Третья."
}