{
  "an3.150:0.1": "Восходящие Наставления 3.150",
  "an3.150:0.2": "Глава Мангала",
  "an3.150:0.3": "Сутта Изувеченный Первая",
  "an3.150:1.1": "“Монахи, обладая тремя качествами, глупый, несведущий, плохой человек содержит себя в изувеченном и искалеченном состоянии. Он достоин порицания и критики со стороны мудрых. И он порождает множество неблагих заслуг.",
  "an3.150:1.2": "Какими тремя?",
  "an3.150:1.3": "Неблагим телесным действием, неблагим словесным действием, неблагим умственным действием.",
  "an3.150:1.4": "Обладая этими тремя… порождает множество неблагих заслуг.",
  "an3.150:2.1": "Монахи, обладая [другими] тремя качествами, мудрый, сведущий, хороший человек содержит себя в неизувеченном и неискалеченном состоянии. Он безукоризненный и не критикуется мудрыми. И он порождает множество благих заслуг.",
  "an3.150:2.2": "Какими тремя?",
  "an3.150:2.3": "Телесным… словесным… умственным благим действием. Обладая этими тремя качествами… порождает множество благих заслуг”.",
  "an3.150:2.4": "Пятая."
}