{
  "an3.139:0.1": "Восходящие Наставления 3.139",
  "an3.139:0.2": "Глава Йодхаджива",
  "an3.139:0.3": "Сутта Возрастание",
  "an3.139:1.1": "“Монахи, есть эти три вида возрастания. ",
  "an3.139:1.2": "Какие три?",
  "an3.139:1.3": "возрастание в вере, возрастание в нравственности, возрастание в мудрости.",
  "an3.139:1.4": "Таковы три вида возрастания”.",
  "an3.139:1.5": "Седьмая."
}