{
  "an3.153:0.1": "Восходящие Наставления 3.153",
  "an3.153:0.2": "Глава Мангала",
  "an3.153:0.3": "Сутта Изувеченный Первая",
  "an3.153:1.1": "“Монахи, обладая тремя…",
  "an3.153:1.2": "Нечистым телесным действием… словесным… умственным действием.",
  "an3.153:2.1": "Обладая этими тремя… порождает множество неблагих заслуг.",
  "an3.153:2.2": "Чистым телесным действием… словесным… умственным действием.",
  "an3.153:2.3": "Монахи, обладая [другими] тремя качествами, мудрый, сведущий, хороший человек содержит себя в неизувеченном и неискалеченном состоянии. Он безукоризненный и не критикуется мудрыми. И он порождает множество благих заслуг.",
  "an3.153:2.4": "Восьмая."
}