{
  "an3.69:0.1": "Восходящие Наставления 3.69",
  "an3.69:0.2": "Большая Глава",
  "an3.69:0.3": "Сутта Неблагие Корни",
  "an3.69:1.1": "“Монахи, есть эти три неблагих корня. ",
  "an3.69:1.2": "Какие три?",
  "an3.69:1.3": "Неблагой корень алчности, неблагой корень злобы, неблагой корень заблуждения.",
  "an3.69:2.1": "Любая алчность, которая имеет место, монахи, является неблагой. ",
  "an3.69:2.2": "Любой [поступок], который совершает алчущий человек телом, речью, и умом, также является неблагим. ",
  "an3.69:2.3": "Когда алчущий человек, одолеваемый алчностью, с умом, охваченным ей, с помощью лживого предлога причиняет другому страдания – убийством, заключением в тюрьму, конфискацией, осуждением или изгнанием – [думая]: “Я обладаю могуществом, я хочу власти” – то это также является неблагим. ",
  "an3.69:2.4": "Вот каким образом многочисленные плохие, неблагие качества порождаются в нём из алчности, [они] созданы алчностью, возникли из алчности, обусловлены алчностью.",
  "an3.69:3.1": "Любая злоба, которая имеет место, монахи, является неблагой. ",
  "an3.69:3.2": "Любой [поступок], который совершает полный злобы человек телом, речью, и умом, также является неблагим. ",
  "an3.69:3.3": "Когда полный злобы человек, одолеваемый злобой, с умом, охваченным ей, с помощью лживого предлога причиняет другому страдания – убийством, заключением в тюрьму, конфискацией, осуждением или изгнанием – [думая]: “Я обладаю могуществом, я хочу власти” – то это также является неблагим. ",
  "an3.69:3.4": "Вот каким образом многочисленные плохие, неблагие качества порождаются в нём из злобы, [они] созданы злобой, возникли из злобы, обусловлены злобой.",
  "an3.69:4.1": "Любое заблуждение, которое имеет место, монахи, является неблагим. ",
  "an3.69:4.2": "Любой [поступок], который совершает заблуждающийся человек телом, речью, и умом, также является неблагим. ",
  "an3.69:4.3": "Когда заблуждающийся человек, одолеваемый заблуждением, с умом, охваченным им, с помощью лживого предлога причиняет другому страдания – убийством, заключением в тюрьму, конфискацией, осуждением или изгнанием – [думая]: “Я обладаю могуществом, я хочу власти” – то это также является неблагим. ",
  "an3.69:4.4": "Вот каким образом многочисленные плохие, неблагие качества порождаются в нём из заблуждения, [они] созданы заблуждением, возникли из заблуждения, обусловлены заблуждением.",
  "an3.69:4.5": "Такой человек, монахи, зовётся тем, кто говорит в ненадлежащее время, говорит лживо, говорит бесполезное, говорит не-Дхамму, говорит не-Винаю. ",
  "an3.69:5.1": "И почему этот человек зовётся тем, кто говорит в ненадлежащее время… не-Винаю? ",
  "an3.69:5.2": "Этот человек с помощью лживого предлога причиняет другому страдания – убийством, заключением в тюрьму, конфискацией, осуждением или изгнанием – [думая]: “Я обладаю могуществом, я хочу власти”. ",
  "an3.69:5.3": "Поэтому, когда ему говорят о том, что соответствует действительности, он презирает [того, кто порицает его]. Он не признаёт [своих недостатков]. ",
  "an3.69:5.4": "Когда ему говорят о том, что не соответствует действительности, он не предпринимает усилий, чтобы раскрыть то, о чём было сказано ему: “По такой-то и такой-то причине это является неправдой. По такой-то и такой-то причине это не соответствует действительности”. ",
  "an3.69:5.5": "Поэтому такой человек зовётся тем, кто говорит в ненадлежащее время… не-Винаю.",
  "an3.69:6.1": "Такой человек, одолеваемый плохими, неблагими качествами, рождёнными из алчности… ",
  "an3.69:6.2": "",
  "an3.69:7.1": "злобы… ",
  "an3.69:7.2": "заблуждения, с умом, охваченным ими, пребывает в страдании в этой самой жизни – с беспокойством, мучениями и взбудораженностью, ",
  "an3.69:7.3": "а после распада тела, после смерти, можно ожидать в отношении него плохого удела.",
  "an3.69:7.4": "Представьте, как если бы дерево было сдавлено и опутано тремя ползучими растениями малувы. Оно бы повстречало беду, несчастье, беду и несчастье. ",
  "an3.69:7.5": "Точно также, такой человек, одолеваемый плохими, неблагими качествами, рождёнными из алчности… рождёнными из злобы… рождёнными из заблуждения, с умом, охваченным ими, пребывает в страдании в этой самой жизни – с беспокойством, мучениями и взбудораженностью, ",
  "an3.69:7.6": "а после распада тела, после смерти, можно ожидать в отношении него плохого удела. ",
  "an3.69:8.1": "",
  "an3.69:8.2": "",
  "an3.69:8.3": "",
  "an3.69:8.4": "Таковы три неблагих корня.",
  "an3.69:9.1": "Монахи, есть эти три благих корня. ",
  "an3.69:9.2": "Какие три?",
  "an3.69:9.3": "Благой корень не-алчности, благой корень не-злобы, благой корень не-заблуждения.",
  "an3.69:10.1": "Любая не-алчность, которая имеет место, монахи, является благой. ",
  "an3.69:10.2": "Любой [поступок], который совершает не имеющий алчности человек телом, речью, и умом, также является благим. ",
  "an3.69:10.3": "Когда человек не имеет алчности, не одолеваем алчностью, [пребывает] с умом, не охваченным ей, [и] не причиняет другому страдания с помощью лживого предлога – убийством, заключением в тюрьму, конфискацией, осуждением или изгнанием – [думая]: “Я обладаю могуществом, я хочу власти” – то это также является благим. ",
  "an3.69:10.4": "Вот каким образом многочисленные благие качества порождаются в нём из не-алчности, [они] созданы не-алчностью, возникли из не-алчности, обусловлены не-алчностью.",
  "an3.69:11.1": "Любая не-злоба… ",
  "an3.69:11.2": "",
  "an3.69:11.3": "",
  "an3.69:11.4": "",
  "an3.69:12.1": "любое не-заблуждение, которое имеет место, является благим… ",
  "an3.69:12.2": "",
  "an3.69:12.3": "",
  "an3.69:12.4": "многочисленные благие качества порождаются в нём из не-заблуждения, [они] созданы не-заблуждением, возникли из не-заблуждения, обусловлены не-заблуждением.",
  "an3.69:12.5": "Такой человек, монахи, зовётся тем, кто говорит в надлежащее время, говорит в соответствии с действительностью, говорит полезное, говорит Дхамму, говорит Винаю. ",
  "an3.69:13.1": "И почему этот человек зовётся тем, кто говорит в надлежащее время… Винаю? ",
  "an3.69:13.2": "Этот человек не причиняет другому страдания с помощью лживого предлога – убийством, заключением в тюрьму, конфискацией, осуждением или изгнанием – [думая]: “Я обладаю могуществом, я хочу власти”. ",
  "an3.69:13.3": "Поэтому, когда ему говорят о том, что соответствует действительности, он признаёт [свои недостатки]. Он не презирает [того, кто порицает его]. ",
  "an3.69:13.4": "Когда ему говорят о том, что не соответствует действительности, он предпринимает усилия, чтобы раскрыть то, о чём было сказано ему: ",
  "an3.69:13.5": "“По такой-то и такой-то причине это является неправдой. По такой-то и такой-то причине это не соответствует действительности”. ",
  "an3.69:13.6": "Поэтому такой человек зовётся тем, кто говорит в надлежащее время… Винаю.",
  "an3.69:14.1": "Такой человек отбросил плохие, неблагие качества, рождённые из алчности… ",
  "an3.69:14.2": "",
  "an3.69:14.3": "",
  "an3.69:15.1": "злобы… ",
  "an3.69:15.2": "достигает ниббаны.",
  "an3.69:15.3": "заблуждения… ",
  "an3.69:15.4": "достигает ниббаны. ",
  "an3.69:15.5": "Представьте, как если бы дерево было сдавлено и опутано тремя ползучими растениями малувы. ",
  "an3.69:15.6": "И мимо проходил бы человек с лопатой и ведром. ",
  "an3.69:15.7": "Он бы срубил ползучие растения под корень, выкопал бы их, вытащил бы корни, [включая] даже небольшие корешки и корневые нити. ",
  "an3.69:15.8": "Он бы разрезал ползучие растения на части, расколол бы [эти] части на куски и превратил бы в щепки. Затем он бы высушил эти щепки на ветру и солнце, сжёг бы их в костре и собрал бы золу. Сделав так, он бы развеял золу по ветру или же бросил бы её в поток быстрой реки. ",
  "an3.69:15.9": "Таким образом, эти ползучие растения малувы были бы срублены под корень, сделаны подобными обрубку пальмы, уничтожены так, что более не смогут возникнуть в будущем.",
  "an3.69:15.10": "Точно также, монахи, такой человек отбросил плохие, неблагие качества, рождённые из алчности… ",
  "an3.69:15.11": "",
  "an3.69:15.12": "",
  "an3.69:16.1": "",
  "an3.69:16.2": "",
  "an3.69:16.3": "",
  "an3.69:16.4": "",
  "an3.69:16.5": "Таковы три благих корня”.",
  "an3.69:16.6": "Девятая."
}