{
  "an3.37:0.1": "Восходящие Наставления 3.37",
  "an3.37:0.2": "Глава Посланник Божеств",
  "an3.37:0.3": "Сутта Четыре Великих Царя ",
  "an3.37:1.1": "“Монахи, на восьмой день половины месяца министры и члены собрания [небесных] Четырёх Великих Царей странствуют по этому миру [с такой мыслью]: ",
  "an3.37:1.2": "“Надеемся, что многие люди, которые ведут себя подобающе со своей матерью и отцом, ведут себя подобающе со жрецами и отшельниками, чтят старейшин семьи, соблюдают Упосатху, соблюдают дополнительные дни, совершают накопления заслуг”.",
  "an3.37:1.3": "На четырнадцатый день половины месяца сыновья Четырёх Великих Царей странствуют по этому миру [с такой мыслью]: ",
  "an3.37:1.4": "“Надеемся, что многие люди, которые ведут себя подобающе…”",
  "an3.37:1.5": "На пятнадцатый день половины месяца сами Четыре Великих Царя странствуют по этому миру [с такой мыслью]: ",
  "an3.37:1.6": "“Надеемся, что многие люди, которые ведут себя подобающе…”",
  "an3.37:2.1": "Если, монахи, мало людей [в мире], которые ведут себя подобающе… ",
  "an3.37:2.2": "совершают накопления заслуг, то тогда Четыре Великих Царя сообщают об этом дэвам Таватимсы, когда они встречаются и заседают в Судхамме – зале для собраний: ",
  "an3.37:2.3": "“Многоуважаемые, мало тех людей, которые ведут себя подобающе… совершают накопления заслуг”. ",
  "an3.37:2.4": "И тогда из-за этого дэвы Таватимсы становятся недовольными, [говоря]: ",
  "an3.37:2.5": "“Увы, небесная свита будет приходить в упадок, а свита асуров будет процветать!”",
  "an3.37:3.1": "Но если много людей [в мире], которые ведут себя подобающе… ",
  "an3.37:3.2": "то тогда Четыре Великих Царя сообщают об этом дэвам Таватимсы, когда они встречаются и заседают в Судхамме – зале для собраний: ",
  "an3.37:3.3": "“Многоуважаемые, много тех людей, которые ведут себя подобающе… совершают накопления заслуг”. ",
  "an3.37:3.4": "И тогда из-за этого дэвы Таватимсы становятся радостными, [говоря]: ",
  "an3.37:3.5": "“Воистину, небесная свита будет процветать, а свита асуров будет приходит в упадок!”",
  "an3.37:4.1": "Монахи, как-то раз, когда Сакка, царь дэвов, руководил дэвами Таватимсы, он произнёс эту строфу:",
  "an3.37:5.1": "“Если кто хочет быть таким, как я,",
  "an3.37:5.2": "Упóсатху он должен соблюдать,",
  "an3.37:5.3": "Что факторами восемью полна,",
  "an3.37:5.4": "На день, что в половине месяца восьмой,",
  "an3.37:5.5": "Пятнадцатый, четырнадцатый день,",
  "an3.37:5.6": "А также и в особенные дни”.",
  "an3.37:6.1": "Эту строфу, монахи, Сакка, царь богов, продекламировал плохо, а не хорошо. Она была сформулирована плохо, а не хорошо. ",
  "an3.37:6.2": "И почему? ",
  "an3.37:6.3": "Потому что Сакка, царь дэвов, не лишён страсти, ненависти, заблуждения. ",
  "an3.37:7.1": "Но в случае с монахом, который арахант, чьи пятна умственных загрязнений уничтожены, который прожил святую жизнь, сделал то, что следовало сделать, сбросил тяжкий груз, достиг своей цели, полностью уничтожил оковы существования и всецело освободился посредством окончательного знания – именно ему подобает говорить:",
  "an3.37:8.1": "“Если кто хочет быть таким, как я,",
  "an3.37:8.2": "…",
  "an3.37:8.3": "",
  "an3.37:8.4": "",
  "an3.37:8.5": "",
  "an3.37:8.6": "А также и в особенные дни”.",
  "an3.37:9.1": "И почему? ",
  "an3.37:9.2": "Потому что этот монах лишён страсти, ненависти, заблуждения”.",
  "an3.37:9.3": "Седьмая."
}