{
  "an3.75:0.1": "Восходящие Наставления 3.75",
  "an3.75:0.2": "Глава Ананда",
  "an3.75:0.3": "Сутта Следует Утверждать",
  "an3.75:1.1": "И тогда Достопочтенный Ананда подошёл к Благословенному, поклонился ему и сел рядом. Затем Благословенный сказал ему: ",
  "an3.75:2.1": "“Ананда, тех, к кому у тебя есть сострадание, и кто относится к тебе со вниманием – друзей или товарищей, родственников и родню – тебе следует наставлять, утверждать, укреплять в трёх вещах. ",
  "an3.75:2.2": "Каких трёх?",
  "an3.75:2.3": "Их следует наставлять, утверждать, укреплять в непоколебимой вере в Будду таким образом: ",
  "an3.75:2.4": "“Благословенный – арахант, полностью просветлённый, совершенный в истинном знании и поведении, счастливый, знаток мира, непревзойдённый учитель тех, кто готов обучаться, учитель богов и людей, просветлённый, благословенный”.",
  "an3.75:2.5": "Их следует наставлять, утверждать, укреплять в непоколебимой вере в Дхамму таким образом: ",
  "an3.75:2.6": "“Дхамма превосходно разъяснена Благословенным, видимая здесь и сейчас, не зависящая от времени, приглашающая пойти и увидеть, ведущая к цели, познаваемая мудрыми самостоятельно”.",
  "an3.75:2.7": "Их следует наставлять, утверждать, укреплять в непоколебимой вере в Сангху таким образом: ",
  "an3.75:2.8": "“Сангха учеников Благословенного, идущих по хорошему пути, идущих по прямому пути, идущих по верному пути, идущих по совершенному пути, другими словами, четыре пары или восемь типов личностей – это Сангха учеников Благословенного: достойная даров, достойная гостеприимства, достойная подношений, достойная уважения, непревзойдённое поле заслуг для мира”.",
  "an3.75:3.1": "Ананда, можно увидеть перемену в четырёх великих стихиях – ",
  "an3.75:3.2": "в элементе земли, элементе воды, элементе огня, элементе воздуха – но не может быть перемены в ученике Благородных, который наделён непоколебимой верой в Будду. ",
  "an3.75:3.3": "Перемена здесь такова: чтобы ученик Благородных, наделённый непоколебимой верой в Будду, переродился бы в аду, в мире животных, в мире страдающих духов. Такого не может произойти.",
  "an3.75:4.1": "Ананда, можно увидеть перемену в четырёх великих стихиях – ",
  "an3.75:4.2": "в элементе земли, элементе воды, элементе огня, элементе воздуха – но не может быть перемены в ученике Благородных, который наделён непоколебимой верой в Дхамму… ",
  "an3.75:4.3": "непоколебимой верой в Сангху. ",
  "an3.75:4.4": "Перемена здесь такова: чтобы ученик Благородных, наделённый непоколебимой верой в Сангху, переродился бы в аду, в мире животных, в мире страдающих духов. Такого не может произойти.",
  "an3.75:5.1": "Ананда, тех, к кому у тебя есть сострадание, и кто относится к тебе со вниманием – друзей или товарищей, родственников и родню – тебе следует наставлять, утверждать, укреплять в этих трёх вещах”.",
  "an3.75:5.2": "Пятая."
}