{
  "an3.68:0.1": "Восходящие Наставления 3.68",
  "an3.68:0.2": "Большая Глава",
  "an3.68:0.3": "Сутта Приверженцы Других Учений",
  "an3.68:1.1": "“Монахи, странники-приверженцы других учений могут спросить вас: ",
  "an3.68:1.2": "“Друзья, есть эти три вещи. ",
  "an3.68:1.3": "Какие три? ",
  "an3.68:1.4": "Страсть, злоба, и заблуждение. ",
  "an3.68:1.5": "Такова эта тройка. ",
  "an3.68:1.6": "В чём, друзья, разница, различие, несоответствие между ними?” ",
  "an3.68:1.7": "Если бы вас спросили так, то как бы вы ответили?”",
  "an3.68:1.8": "“Почтенный, наши учения укоренены в Благословенном, направляемы Благословенным, находят пристанище в Благословенном. Было бы хорошо, если бы Благословенный [сам] прояснил значение этого утверждения. Услышав это из его уст, монахи запомнят это”.",
  "an3.68:1.9": "“Тогда, монахи, слушайте внимательно. Я буду говорить”.",
  "an3.68:1.10": "“Да, почтенный” – ответили монахи. ",
  "an3.68:1.11": "Благословенный сказал:",
  "an3.68:2.1": "“Монахи, если странники-приверженцы других учений зададут вам такой вопрос, то вот как вам следует ответить им: ",
  "an3.68:2.2": "“Друзья, есть эти три вещи. ",
  "an3.68:2.3": "Какие три? ",
  "an3.68:2.4": "Страсть, злоба, и заблуждение. ",
  "an3.68:2.5": "Такова эта тройка. ",
  "an3.68:2.6": "В чём, друзья, разница, различие, несоответствие между ними?” ",
  "an3.68:2.7": "Если бы вас спросили так, то вы можете ответить так:”",
  "an3.68:2.8": "“Страсть, друзья, порицается не сильно, но она медленно угасает. Злоба очень сильно порицается, но она быстро угасает. Заблуждение очень сильно порицается, и оно медленно угасает”.",
  "an3.68:3.1": "“Но, друзья, в чём заключается причина того, что невозникшая страсть возникает, а возникшая страсть увеличивается и разрастается?” Вам следует ответить: ",
  "an3.68:3.2": "“В привлекательных чертах. ",
  "an3.68:3.3": "Ведь когда кто-либо немудро уделяет внимание привлекательному объекту, невозникшая страсть возникает, а возникшая страсть увеличивается и разрастается. ",
  "an3.68:3.4": "Друзья, вот в чём причина того, что невозникшая страсть возникает, а возникшая страсть увеличивается и разрастается”.",
  "an3.68:4.1": "“Но, друзья, в чём заключается причина того, что невозникшая злоба возникает, а возникшая злоба увеличивается и разрастается?” Вам следует ответить: ",
  "an3.68:4.2": "“В чертах отторжения. ",
  "an3.68:4.3": "Ведь когда кто-либо немудро уделяет внимание неприятному объекту, невозникшая злоба возникает, а возникшая злоба увеличивается и разрастается. ",
  "an3.68:4.4": "Друзья, вот в чём причина того, что невозникшая злоба возникает, а возникшая злоба увеличивается и разрастается”.",
  "an3.68:5.1": "“Но, друзья, в чём заключается причина того, что невозникшее заблуждение возникает, а возникшее заблуждение увеличивается и разрастается?” Вам следует ответить: ",
  "an3.68:5.2": "“В немудром внимании. ",
  "an3.68:5.3": "Ведь когда кто-либо немудро уделяет внимание [чему-либо], невозникшее заблуждение возникает, а возникшее заблуждение увеличивается и разрастается. ",
  "an3.68:5.4": "Друзья, вот в чём причина того, что невозникшее заблуждение возникает, а возникшее заблуждение увеличивается и разрастается”.",
  "an3.68:6.1": "“Но, друзья, в чём заключается причина того, что невозникшая страсть не возникает, а возникшая страсть отбрасывается?” Вам следует ответить: ",
  "an3.68:6.2": "“В непривлекательных чертах. ",
  "an3.68:6.3": "Ведь когда кто-либо мудро уделяет внимание непривлекательному объекту, невозникшая страсть не возникает, а возникшая страсть отбрасывается. ",
  "an3.68:6.4": "Друзья, вот в чём причина того, что невозникшая страсть не возникает, а возникшая страсть отбрасывается”.",
  "an3.68:7.1": "“Но, друзья, в чём заключается причина того, что невозникшая злоба не возникает, а возникшая злоба отбрасывается?” Вам следует ответить: ",
  "an3.68:7.2": "“В освобождении ума доброжелательностью. ",
  "an3.68:7.3": "Ведь когда кто-либо мудро уделяет внимание освобождению ума доброжелательностью, невозникшая злоба не возникает, а возникшая злоба отбрасывается. ",
  "an3.68:7.4": "Друзья, вот в чём причина того, что невозникшая злоба не возникает, а возникшая злоба отбрасывается”.",
  "an3.68:8.1": "“Но, друзья, в чём заключается причина того, что невозникшее заблуждение не возникает, а возникшее заблуждение отбрасывается?” Вам следует ответить: ",
  "an3.68:8.2": "“В мудром внимании. ",
  "an3.68:8.3": "Ведь когда кто-либо мудро уделяет внимание [чему-либо], невозникшее заблуждение не возникает, а возникшее заблуждение отбрасывается. ",
  "an3.68:8.4": "Друзья, вот в чём причина того, что невозникшее заблуждение не возникает, а возникшее заблуждение отбрасывается”.",
  "an3.68:8.5": "Восьмая."
}