{
  "an3.98:0.1": "Восходящие Наставления 3.98",
  "an3.98:0.2": "Глава Лонакапалла",
  "an3.98:0.3": "Сутта Чистокровный Скакун Третья",
  "an3.98:1.1": "“Монахи, обладая тремя факторами, царский превосходный чистокровный скакун достоин царя, является принадлежностью царя, считается одним из факторов царствования. ",
  "an3.98:1.2": "Какими тремя?",
  "an3.98:1.3": "Красотой, силой, скоростью.",
  "an3.98:1.4": "Обладая этими тремя факторами, царский превосходный чистокровный скакун достоин царя, является принадлежностью царя, считается одним из факторов царствования.",
  "an3.98:1.5": "Точно также, обладая тремя качествами, монах достоин даров, достоин гостеприимства, достоин подношений, достоин почтительного приветствия – непревзойдённое поле заслуг для мира. ",
  "an3.98:1.6": "Какими тремя? ",
  "an3.98:1.7": "Красотой, силой, скоростью. ",
  "an3.98:2.1": "И каким образом монах обладает красотой? ",
  "an3.98:2.2": "Вот монах нравственен… Возложив на себя правила тренировки, он тренируется в них. ",
  "an3.98:2.3": "Вот каким образом монах обладает красотой.",
  "an3.98:3.1": "И каким образом монах обладает силой? ",
  "an3.98:3.2": "Вот монах зародил усердие к оставлению неблагих качеств и к обретению благих качеств. [В этом] он силён, упорен в старании, не отложил [своей] обязанности развивать благие качества. ",
  "an3.98:3.3": "Вот каким образом монах обладает силой.",
  "an3.98:4.1": "И каким образом монах обладает скоростью? ",
  "an3.98:4.2": "Вот, за счёт уничтожения пятен [умственных загрязнений], прямо [здесь и сейчас] в этой самой жизни монах входит и пребывает в незапятнанном освобождении ума, освобождении мудростью, напрямую зная и проявляя это для себя самостоятельно. ",
  "an3.98:4.3": "Вот каким образом монах обладает скоростью.",
  "an3.98:4.4": "Обладая этими тремя качествами, монах достоин даров, достоин гостеприимства, достоин подношений, достоин почтительного приветствия – непревзойдённое поле заслуг для мира”.",
  "an3.98:4.5": "Седьмая."
}