{
  "an3.105:0.1": "Восходящие Наставления 3.105",
  "an3.105:0.2": "Глава Самбодха",
  "an3.105:0.3": "Сутта Привлекательность Вторая",
  "an3.105:1.1": "“Монахи, если бы не было привлекательности мира, то существа не могли бы очароваться им. ",
  "an3.105:1.2": "Но поскольку существует привлекательность мира, существа становятся очарованными им.",
  "an3.105:1.3": "Если бы не было опасности мира, то существа не могли бы ощутить разочарование по отношению к нему. ",
  "an3.105:1.4": "Но поскольку существует опасность мира, существа испытывают разочарование в отношении него.",
  "an3.105:1.5": "Если бы не было спасения от мира, то существа не могли бы спастись от него. ",
  "an3.105:1.6": "Но поскольку существует спасение от мира, существа спасаются от него.",
  "an3.105:1.7": "Пока, монахи, существа напрямую не узнали в соответствии с действительностью привлекательности мира как привлекательности, опасности как опасности, спасения от него как спасения, они не спаслись от этого мира с его дэвами, Марой, Брахмой, с его поколениями жрецов и отшельников, богов и людей. Они не отделились от него, не освободились от него, не пребывают с умом, лишённым преград.",
  "an3.105:1.8": "Но когда существа напрямую узнали в соответствии с действительностью привлекательность мира как привлекательность, опасность как опасность, спасение от него как спасение, они спаслись от этого мира с его дэвами, Марой, Брахмой, с его поколениями жрецов и отшельников, богов и людей. Они отделились от него, освободились от него, пребывают с умом, лишённым преград”.",
  "an3.105:1.9": "Третья."
}